efta_number,dataset,total_pages,match_type
EFTA00327648,9,1,TO_WOLFF
EFTA00328607,9,1,FROM_WOLFF
EFTA00328723,9,2,FROM_WOLFF
EFTA00328729,9,1,TO_WOLFF
EFTA00328744,9,1,TO_WOLFF
EFTA00328982,9,1,TO_WOLFF
EFTA00333690,9,1,TO_WOLFF
EFTA00333691,9,1,FROM_WOLFF
EFTA00333693,9,1,FROM_WOLFF
EFTA00333694,9,1,TO_WOLFF
EFTA00333703,9,1,FROM_WOLFF
EFTA00333714,9,1,TO_WOLFF
EFTA00333715,9,1,FROM_WOLFF
EFTA00333716,9,1,TO_WOLFF
EFTA00333789,9,1,TO_WOLFF
EFTA00333790,9,1,FROM_WOLFF
EFTA00335711,9,1,FROM_WOLFF
EFTA00335715,9,1,TO_WOLFF
EFTA00336196,9,1,TO_WOLFF
EFTA00347430,9,1,TO_WOLFF
EFTA00347451,9,1,TO_WOLFF
EFTA00347452,9,1,FROM_WOLFF
EFTA00347453,9,1,TO_WOLFF
EFTA00347625,9,1,FROM_WOLFF
EFTA00347626,9,1,TO_WOLFF
EFTA00347817,9,1,TO_WOLFF
EFTA00347818,9,1,TO_WOLFF
EFTA00347823,9,1,TO_WOLFF
EFTA00352182,9,2,FROM_WOLFF
EFTA00353265,9,2,FROM_WOLFF
EFTA00353267,9,1,TO_WOLFF
EFTA00353512,9,1,TO_WOLFF
EFTA00353814,9,1,TO_WOLFF
EFTA00353909,9,1,TO_WOLFF
EFTA00360363,9,1,FROM_WOLFF
EFTA00360446,9,1,TO_WOLFF
EFTA00360449,9,1,TO_WOLFF
EFTA00360560,9,1,TO_WOLFF
EFTA00361538,9,1,TO_WOLFF
EFTA00363533,9,1,TO_WOLFF
EFTA00363551,9,1,FROM_WOLFF
EFTA00363554,9,1,TO_WOLFF
EFTA00363555,9,1,FROM_WOLFF
EFTA00363556,9,1,TO_WOLFF
EFTA00364184,9,2,FROM_WOLFF
EFTA00364331,9,1,FROM_WOLFF
EFTA00364334,9,1,TO_WOLFF
EFTA00364335,9,1,FROM_WOLFF
EFTA00364496,9,1,TO_WOLFF
EFTA00365184,9,1,TO_WOLFF
EFTA00365210,9,1,TO_WOLFF
EFTA00368749,9,2,FROM_WOLFF
EFTA00371744,9,1,TO_WOLFF
EFTA00375391,9,2,FROM_WOLFF
EFTA00375667,9,1,TO_WOLFF
EFTA00376418,9,1,TO_WOLFF
EFTA00377062,9,1,TO_WOLFF
EFTA00377077,9,1,FROM_WOLFF
EFTA00377080,9,1,TO_WOLFF
EFTA00377137,9,1,FROM_WOLFF
EFTA00377138,9,1,TO_WOLFF
EFTA00380890,9,1,TO_WOLFF
EFTA00380921,9,1,TO_WOLFF
EFTA00384091,9,2,TO_WOLFF
EFTA00384219,9,1,TO_WOLFF
EFTA00384237,9,1,FROM_WOLFF
EFTA00384238,9,1,TO_WOLFF
EFTA00384240,9,1,FROM_WOLFF
EFTA00384403,9,1,TO_WOLFF
EFTA00385720,9,1,TO_WOLFF
EFTA00386517,9,1,TO_WOLFF
EFTA00386530,9,1,FROM_WOLFF
EFTA00386532,9,1,TO_WOLFF
EFTA00386537,9,1,FROM_WOLFF
EFTA00386629,9,1,TO_WOLFF
EFTA00386631,9,1,TO_WOLFF
EFTA00386632,9,2,FROM_WOLFF
EFTA00386856,9,1,FROM_WOLFF
EFTA00391058,9,1,TO_WOLFF
EFTA00391065,9,1,TO_WOLFF
EFTA00391066,9,1,TO_WOLFF
EFTA00391069,9,2,TO_WOLFF
EFTA00391072,9,2,TO_WOLFF
EFTA00391075,9,2,TO_WOLFF
EFTA00391085,9,1,TO_WOLFF
EFTA00391086,9,1,FROM_WOLFF
EFTA00391088,9,1,TO_WOLFF
EFTA00391104,9,3,TO_WOLFF
EFTA00391107,9,3,TO_WOLFF
EFTA00393710,9,1,FROM_WOLFF
EFTA00393821,9,1,FROM_WOLFF
EFTA00395223,9,1,EMAIL_ADDR+FROM
EFTA00395394,9,1,TO_WOLFF
EFTA00395396,9,1,FROM_WOLFF
EFTA00395401,9,1,TO_WOLFF
EFTA00399658,9,1,FROM_WOLFF
EFTA00399659,9,1,TO_WOLFF
EFTA00399723,9,2,TO_WOLFF
EFTA00399838,9,1,TO_WOLFF
EFTA00399979,9,1,FROM_WOLFF
EFTA00399980,9,1,TO_WOLFF
EFTA00399986,9,1,TO_WOLFF
EFTA00399988,9,1,FROM_WOLFF
EFTA00399990,9,1,TO_WOLFF
EFTA00399992,9,1,FROM_WOLFF
EFTA00399993,9,1,TO_WOLFF
EFTA00399996,9,1,TO_WOLFF
EFTA00400018,9,1,FROM_WOLFF
EFTA00400019,9,1,TO_WOLFF
EFTA00404472,9,2,FROM_WOLFF
EFTA00406342,9,1,FROM_WOLFF
EFTA00406357,9,1,TO_WOLFF
EFTA00406406,9,1,FROM_WOLFF
EFTA00406407,9,1,TO_WOLFF
EFTA00406416,9,1,FROM_WOLFF
EFTA00406417,9,1,TO_WOLFF
EFTA00406418,9,1,FROM_WOLFF
EFTA00406420,9,1,TO_WOLFF
EFTA00406423,9,1,TO_WOLFF
EFTA00406429,9,1,FROM_WOLFF
EFTA00406431,9,1,TO_WOLFF
EFTA00406432,9,2,FROM_WOLFF
EFTA00406434,9,2,TO_WOLFF
EFTA00406648,9,1,TO_WOLFF
EFTA00406838,9,1,TO_WOLFF
EFTA00408347,9,1,FROM_WOLFF
EFTA00408497,9,2,FROM_WOLFF
EFTA00408504,9,1,TO_WOLFF
EFTA00413454,9,1,TO_WOLFF
EFTA00413455,9,1,FROM_WOLFF
EFTA00413456,9,1,TO_WOLFF
EFTA00413970,9,2,FROM_WOLFF
EFTA00413978,9,1,FROM_WOLFF
EFTA00413979,9,1,TO_WOLFF
EFTA00413980,9,1,TO_WOLFF
EFTA00419212,9,1,TO_WOLFF
EFTA00419222,9,1,TO_WOLFF
EFTA00419773,9,2,FROM_WOLFF
EFTA00420301,9,1,TO_WOLFF
EFTA00420719,9,1,FROM_WOLFF
EFTA00426560,9,2,CC_WOLFF
EFTA00426562,9,2,FROM_WOLFF
EFTA00426564,9,2,TO_WOLFF
EFTA00426996,9,1,FROM_WOLFF
EFTA00426998,9,1,FROM_WOLFF
EFTA00429954,9,1,TO_WOLFF
EFTA00430397,9,1,CC_WOLFF
EFTA00430438,9,2,CC_WOLFF
EFTA00431308,9,3,FROM_WOLFF
EFTA00431311,9,3,FROM_WOLFF
EFTA00431314,9,1,TO_WOLFF
EFTA00431527,9,1,FROM_WOLFF
EFTA00432506,9,1,TO_WOLFF
EFTA00432509,9,1,TO_WOLFF
EFTA00432510,9,1,TO_WOLFF
EFTA00432676,9,1,TO_WOLFF
EFTA00432705,9,2,CC_WOLFF
EFTA00433013,9,1,TO_WOLFF
EFTA00433206,9,1,TO_WOLFF
EFTA00433257,9,1,FROM_WOLFF
EFTA00433278,9,1,TO_WOLFF
EFTA00433281,9,1,TO_WOLFF
EFTA00433282,9,2,TO_WOLFF
EFTA00433777,9,1,FROM_WOLFF
EFTA00433778,9,1,TO_WOLFF
EFTA00434581,9,1,TO_WOLFF
EFTA00440388,9,1,TO_WOLFF
EFTA00440396,9,1,FROM_WOLFF
EFTA00440400,9,1,TO_WOLFF
EFTA00440401,9,1,FROM_WOLFF
EFTA00440488,9,1,TO_WOLFF
EFTA00440490,9,1,FROM_WOLFF
EFTA00440637,9,1,TO_WOLFF
EFTA00440638,9,1,TO_WOLFF
EFTA00440639,9,1,FROM_WOLFF
EFTA00440643,9,1,TO_WOLFF
EFTA00445317,9,1,TO_WOLFF
EFTA00445318,9,1,FROM_WOLFF
EFTA00445319,9,1,TO_WOLFF
EFTA00449885,9,1,TO_WOLFF
EFTA00449912,9,1,FROM+TO
EFTA00449913,9,1,TO_WOLFF
EFTA00450508,9,1,FROM_WOLFF
EFTA00456683,9,1,TO_WOLFF
EFTA00457637,9,2,FROM_WOLFF
EFTA00459784,9,1,TO_WOLFF
EFTA00459935,9,1,FROM_WOLFF
EFTA00467699,9,1,TO_WOLFF
EFTA00467922,9,1,TO_WOLFF
EFTA00467923,9,1,FROM_WOLFF
EFTA00467925,9,1,FROM_WOLFF
EFTA00467926,9,1,FROM_WOLFF
EFTA00467927,9,1,TO_WOLFF
EFTA00467928,9,1,FROM_WOLFF
EFTA00467929,9,1,FROM_WOLFF
EFTA00467930,9,1,TO_WOLFF
EFTA00468688,9,1,TO_WOLFF
EFTA00468699,9,1,TO_WOLFF
EFTA00468725,9,1,FROM_WOLFF
EFTA00469675,9,1,TO_WOLFF
EFTA00469678,9,1,TO_WOLFF
EFTA00474324,9,1,FROM_WOLFF
EFTA00474377,9,1,FROM_WOLFF
EFTA00474380,9,1,TO_WOLFF
EFTA00478462,9,1,TO_WOLFF
EFTA00480537,9,2,FROM_WOLFF
EFTA00481811,9,1,FROM_WOLFF
EFTA00481830,9,1,TO_WOLFF
EFTA00481837,9,1,FROM_WOLFF
EFTA00481841,9,1,TO_WOLFF
EFTA00481892,9,1,FROM_WOLFF
EFTA00482102,9,1,TO_WOLFF
EFTA00482127,9,1,FROM_WOLFF
EFTA00482128,9,1,TO_WOLFF
EFTA00485619,9,1,TO_WOLFF
EFTA00485631,9,1,FROM_WOLFF
EFTA00485632,9,1,TO_WOLFF
EFTA00485633,9,1,FROM_WOLFF
EFTA00485972,9,1,TO_WOLFF
EFTA00486084,9,2,TO_WOLFF
EFTA00486488,9,2,FROM_WOLFF
EFTA00486724,9,1,TO_WOLFF
EFTA00488264,9,2,FROM_WOLFF
EFTA00489858,9,1,TO_WOLFF
EFTA00496121,9,1,TO_WOLFF
EFTA00496122,9,1,FROM_WOLFF
EFTA00496123,9,1,TO_WOLFF
EFTA00496124,9,1,FROM_WOLFF
EFTA00496149,9,1,TO_WOLFF
EFTA00496150,9,1,FROM_WOLFF
EFTA00496151,9,1,TO_WOLFF
EFTA00496155,9,1,FROM_WOLFF
EFTA00496160,9,1,TO_WOLFF
EFTA00496161,9,1,FROM_WOLFF
EFTA00496162,9,1,FROM_WOLFF
EFTA00496163,9,2,TO_WOLFF
EFTA00496165,9,2,FROM_WOLFF
EFTA00496167,9,2,FROM_WOLFF
EFTA00496169,9,2,FROM_WOLFF
EFTA00496171,9,2,FROM_WOLFF
EFTA00496176,9,2,FROM_WOLFF
EFTA00496178,9,2,FROM_WOLFF
EFTA00499371,9,1,TO_WOLFF
EFTA00499597,9,1,TO_WOLFF
EFTA00499648,9,1,TO_WOLFF
EFTA00499779,9,1,TO_WOLFF
EFTA00499836,9,1,TO_WOLFF
EFTA00500069,9,1,TO_WOLFF
EFTA00501048,9,1,TO_WOLFF
EFTA00548033,9,1,FROM_WOLFF
EFTA00561607,9,1,TO_WOLFF
EFTA00564254,9,2,FROM_WOLFF
EFTA00568774,9,1,FROM_WOLFF
EFTA00625470,9,1,FROM_WOLFF
EFTA00625602,9,1,FROM_WOLFF
EFTA00625806,9,2,FROM+TO
EFTA00626087,9,1,FROM_WOLFF
EFTA00626101,9,1,FROM_WOLFF
EFTA00626121,9,3,FROM+TO
EFTA00627818,9,1,FROM_WOLFF
EFTA00628301,9,1,FROM_WOLFF
EFTA00628436,9,1,FROM_WOLFF
EFTA00629223,9,1,FROM_WOLFF
EFTA00629238,9,2,FROM_WOLFF
EFTA00629945,9,1,FROM_WOLFF
EFTA00630023,9,1,FROM_WOLFF
EFTA00631225,9,2,FROM_WOLFF
EFTA00632029,9,2,FROM_WOLFF
EFTA00632086,9,1,FROM_WOLFF
EFTA00632181,9,1,FROM_WOLFF
EFTA00632602,9,1,FROM_WOLFF
EFTA00632603,9,1,FROM_WOLFF
EFTA00632637,9,2,FROM_WOLFF
EFTA00633483,9,1,FROM_WOLFF
EFTA00634677,9,2,FROM_WOLFF
EFTA00634835,9,3,FROM+TO
EFTA00634945,9,1,FROM_WOLFF
EFTA00635239,9,1,FROM_WOLFF
EFTA00635482,9,1,FROM_WOLFF
EFTA00635772,9,1,FROM_WOLFF
EFTA00636049,9,1,FROM_WOLFF
EFTA00636097,9,1,FROM_WOLFF
EFTA00636234,9,1,FROM_WOLFF
EFTA00636498,9,2,FROM_WOLFF
EFTA00636851,9,2,FROM_WOLFF
EFTA00637081,9,1,FROM_WOLFF
EFTA00637354,9,1,FROM_WOLFF
EFTA00637445,9,2,FROM_WOLFF
EFTA00637503,9,1,FROM_WOLFF
EFTA00637830,9,1,FROM_WOLFF
EFTA00638132,9,2,FROM_WOLFF
EFTA00638227,9,1,FROM_WOLFF
EFTA00638433,9,1,FROM_WOLFF
EFTA00638690,9,1,FROM_WOLFF
EFTA00638691,9,1,FROM_WOLFF
EFTA00639019,9,1,FROM_WOLFF
EFTA00640384,9,2,FROM_WOLFF
EFTA00640524,9,3,FROM_WOLFF
EFTA00640629,9,1,FROM_WOLFF
EFTA00641897,9,1,FROM_WOLFF
EFTA00642091,9,1,FROM_WOLFF
EFTA00642201,9,1,FROM_WOLFF
EFTA00642219,9,1,FROM_WOLFF
EFTA00642666,9,1,FROM_WOLFF
EFTA00642669,9,1,FROM_WOLFF
EFTA00643309,9,2,FROM_WOLFF
EFTA00643317,9,1,FROM_WOLFF
EFTA00643879,9,2,FROM_WOLFF
EFTA00645036,9,4,FROM+TO
EFTA00645190,9,1,FROM_WOLFF
EFTA00645665,9,3,FROM_WOLFF
EFTA00645842,9,1,FROM_WOLFF
EFTA00645850,9,1,FROM_WOLFF
EFTA00645881,9,1,FROM_WOLFF
EFTA00646103,9,1,FROM_WOLFF
EFTA00647964,9,1,FROM_WOLFF
EFTA00648031,9,1,FROM_WOLFF
EFTA00648191,9,1,FROM_WOLFF
EFTA00648204,9,1,FROM_WOLFF
EFTA00649641,9,1,FROM_WOLFF
EFTA00649658,9,2,FROM_WOLFF
EFTA00649725,9,1,FROM_WOLFF
EFTA00649889,9,1,FROM_WOLFF
EFTA00649935,9,2,FROM_WOLFF
EFTA00650025,9,1,FROM_WOLFF
EFTA00650417,9,5,FROM+TO
EFTA00650502,9,1,FROM_WOLFF
EFTA00650921,9,1,FROM_WOLFF
EFTA00651833,9,1,FROM_WOLFF
EFTA00651862,9,1,FROM_WOLFF
EFTA00652170,9,1,FROM_WOLFF
EFTA00652313,9,3,FROM_WOLFF
EFTA00653029,9,1,FROM_WOLFF
EFTA00653131,9,1,FROM_WOLFF
EFTA00653162,9,1,FROM_WOLFF
EFTA00653411,9,1,FROM_WOLFF
EFTA00654634,9,1,FROM_WOLFF
EFTA00655660,9,6,FROM+TO
EFTA00655730,9,1,FROM_WOLFF
EFTA00657004,9,1,FROM_WOLFF
EFTA00658398,9,1,FROM_WOLFF
EFTA00658602,9,1,FROM_WOLFF
EFTA00658677,9,1,FROM_WOLFF
EFTA00659692,9,1,FROM_WOLFF
EFTA00662032,9,2,FROM_WOLFF
EFTA00662040,9,3,FROM_WOLFF
EFTA00662047,9,2,FROM_WOLFF
EFTA00662049,9,1,FROM_WOLFF
EFTA00662547,9,1,FROM_WOLFF
EFTA00663341,9,1,FROM_WOLFF
EFTA00664238,9,1,FROM_WOLFF
EFTA00664261,9,1,FROM_WOLFF
EFTA00664655,9,1,FROM_WOLFF
EFTA00664969,9,5,EMAIL_ADDR
EFTA00665587,9,1,FROM_WOLFF
EFTA00665588,9,1,FROM_WOLFF
EFTA00666030,9,1,FROM_WOLFF
EFTA00666042,9,1,FROM_WOLFF
EFTA00666381,9,1,FROM_WOLFF
EFTA00667931,9,1,FROM_WOLFF
EFTA00669360,9,1,FROM_WOLFF
EFTA00669467,9,2,FROM+TO
EFTA00669555,9,1,FROM_WOLFF
EFTA00669660,9,1,FROM_WOLFF
EFTA00669976,9,1,FROM_WOLFF
EFTA00671036,9,1,FROM_WOLFF
EFTA00671212,9,1,EMAIL_ADDR
EFTA00672183,9,1,FROM_WOLFF
EFTA00672837,9,1,FROM_WOLFF
EFTA00672852,9,1,FROM_WOLFF
EFTA00673802,9,1,FROM_WOLFF
EFTA00673930,9,2,FROM_WOLFF
EFTA00673987,9,1,FROM_WOLFF
EFTA00676747,9,1,FROM_WOLFF
EFTA00677607,9,2,FROM_WOLFF
EFTA00677874,9,1,FROM_WOLFF
EFTA00679059,9,1,FROM_WOLFF
EFTA00679288,9,1,FROM_WOLFF
EFTA00679780,9,1,FROM_WOLFF
EFTA00679940,9,1,FROM_WOLFF
EFTA00680601,9,1,FROM_WOLFF
EFTA00681282,9,2,FROM_WOLFF
EFTA00681650,9,1,FROM_WOLFF
EFTA00682172,9,1,FROM_WOLFF
EFTA00682525,9,5,FROM_WOLFF
EFTA00682829,9,1,FROM_WOLFF
EFTA00683272,9,1,FROM_WOLFF
EFTA00684779,9,1,FROM_WOLFF
EFTA00685137,9,1,FROM_WOLFF
EFTA00686087,9,1,FROM_WOLFF
EFTA00688537,9,1,FROM_WOLFF
EFTA00689569,9,1,FROM_WOLFF
EFTA00690154,9,1,FROM_WOLFF
EFTA00690898,9,1,FROM_WOLFF
EFTA00691228,9,1,FROM_WOLFF
EFTA00691321,9,1,FROM_WOLFF
EFTA00693575,9,1,FROM_WOLFF
EFTA00693861,9,1,FROM_WOLFF
EFTA00694269,9,2,FROM_WOLFF
EFTA00694501,9,1,FROM_WOLFF
EFTA00694944,9,1,FROM_WOLFF
EFTA00694984,9,1,FROM_WOLFF
EFTA00695056,9,1,FROM_WOLFF
EFTA00696039,9,1,FROM_WOLFF
EFTA00696122,9,1,FROM_WOLFF
EFTA00696756,9,1,FROM_WOLFF
EFTA00696776,9,1,FROM_WOLFF
EFTA00696820,9,2,FROM_WOLFF
EFTA00697297,9,1,FROM_WOLFF
EFTA00697673,9,1,FROM_WOLFF
EFTA00697674,9,1,EMAIL_ADDR+FROM
EFTA00698626,9,2,FROM_WOLFF
EFTA00698966,9,1,FROM_WOLFF
EFTA00699045,9,2,FROM_WOLFF
EFTA00699446,9,1,FROM_WOLFF
EFTA00699576,9,2,FROM_WOLFF
EFTA00699596,9,1,FROM_WOLFF
EFTA00700589,9,1,FROM_WOLFF
EFTA00702401,9,1,FROM_WOLFF
EFTA00702885,9,1,FROM_WOLFF
EFTA00702891,9,1,FROM_WOLFF
EFTA00703884,9,4,FROM+TO
EFTA00705444,9,1,FROM_WOLFF
EFTA00707837,9,1,EMAIL_ADDR+FROM
EFTA00707980,9,1,FROM_WOLFF
EFTA00708612,9,1,FROM_WOLFF
EFTA00708631,9,1,FROM_WOLFF
EFTA00708774,9,1,FROM_WOLFF
EFTA00709045,9,2,FROM_WOLFF
EFTA00709387,9,1,FROM_WOLFF
EFTA00709562,9,1,FROM_WOLFF
EFTA00709854,9,2,FROM_WOLFF
EFTA00710189,9,1,FROM_WOLFF
EFTA00710368,9,2,FROM_WOLFF
EFTA00711139,9,1,FROM_WOLFF
EFTA00711637,9,1,FROM_WOLFF
EFTA00714542,9,2,EMAIL_ADDR+FROM
EFTA00714546,9,2,FROM_WOLFF
EFTA00714549,9,1,FROM_WOLFF
EFTA00714859,9,3,FROM_WOLFF
EFTA00714883,9,1,FROM_WOLFF
EFTA00715235,9,3,FROM_WOLFF
EFTA00715240,9,2,FROM_WOLFF
EFTA00715421,9,1,FROM_WOLFF
EFTA00715666,9,1,FROM_WOLFF
EFTA00715677,9,1,FROM_WOLFF
EFTA00716273,9,1,FROM_WOLFF
EFTA00716361,9,1,FROM_WOLFF
EFTA00716401,9,1,FROM_WOLFF
EFTA00716948,9,1,FROM_WOLFF
EFTA00716950,9,1,FROM_WOLFF
EFTA00718890,9,1,FROM_WOLFF
EFTA00719271,9,1,CC_WOLFF
EFTA00719379,9,1,FROM_WOLFF
EFTA00719949,9,2,FROM_WOLFF
EFTA00719992,9,2,FROM_WOLFF
EFTA00720011,9,1,FROM_WOLFF
EFTA00720012,9,1,TO_WOLFF
EFTA00720013,9,1,FROM_WOLFF
EFTA00720109,9,1,TO_WOLFF
EFTA00721201,9,1,FROM_WOLFF
EFTA00765853,9,1,FROM_WOLFF
EFTA00812796,9,1,TO_WOLFF
EFTA00812813,9,1,FROM_WOLFF
EFTA00814233,9,1,TO_WOLFF
EFTA00814237,9,1,FROM_WOLFF
EFTA00814780,9,1,FROM_WOLFF
EFTA00816321,9,1,TO_WOLFF
EFTA00816346,9,1,FROM_WOLFF
EFTA00816432,9,1,TO_WOLFF
EFTA00816435,9,1,FROM_WOLFF
EFTA00816604,9,1,TO_WOLFF
EFTA00816633,9,1,FROM_WOLFF
EFTA00816652,9,1,TO_WOLFF
EFTA00816656,9,1,FROM_WOLFF
EFTA00816659,9,1,TO_WOLFF
EFTA00816799,9,2,TO_WOLFF
EFTA00816801,9,2,TO_WOLFF
EFTA00816803,9,2,TO_WOLFF
EFTA00816805,9,2,TO_WOLFF
EFTA00817147,9,1,FROM_WOLFF
EFTA00817318,9,1,FROM_WOLFF
EFTA00817320,9,1,TO_WOLFF
EFTA00817321,9,1,FROM_WOLFF
EFTA00817418,9,1,TO_WOLFF
EFTA00817438,9,1,TO_WOLFF
EFTA00817481,9,1,TO_WOLFF
EFTA00817702,9,1,TO_WOLFF
EFTA00817710,9,1,TO_WOLFF
EFTA00817723,9,1,FROM_WOLFF
EFTA00817726,9,1,TO_WOLFF
EFTA00817973,9,1,TO_WOLFF
EFTA00817976,9,1,FROM_WOLFF
EFTA00817977,9,1,TO_WOLFF
EFTA00818026,9,1,TO_WOLFF
EFTA00818027,9,1,TO_WOLFF
EFTA00818631,9,1,TO_WOLFF
EFTA00819248,9,1,TO_WOLFF
EFTA00821185,9,7,FROM+TO
EFTA00821984,9,1,TO_WOLFF
EFTA00822006,9,1,FROM_WOLFF
EFTA00822022,9,1,TO_WOLFF
EFTA00822219,9,1,TO_WOLFF
EFTA00822543,9,5,FROM+TO
EFTA00822605,9,1,TO_WOLFF
EFTA00824250,9,1,TO_WOLFF
EFTA00824473,9,1,TO_WOLFF
EFTA00824493,9,1,FROM_WOLFF
EFTA00826803,9,1,TO_WOLFF
EFTA00826937,9,3,TO_WOLFF
EFTA00826976,9,3,FROM_WOLFF
EFTA00827544,9,1,TO_WOLFF
EFTA00827640,9,1,TO_WOLFF
EFTA00828030,9,1,TO_WOLFF
EFTA00828501,9,2,FROM_WOLFF
EFTA00828503,9,3,TO_WOLFF
EFTA00828563,9,2,TO_WOLFF
EFTA00829423,9,1,TO_WOLFF
EFTA00830196,9,1,TO_WOLFF
EFTA00831392,9,2,FROM_WOLFF
EFTA00831397,9,2,FROM_WOLFF
EFTA00831454,9,1,TO_WOLFF
EFTA00831455,9,1,FROM_WOLFF
EFTA00831521,9,1,TO_WOLFF
EFTA00831573,9,3,FROM+TO
EFTA00831610,9,1,TO_WOLFF
EFTA00832008,9,1,TO_WOLFF
EFTA00832022,9,1,TO_WOLFF
EFTA00832023,9,1,FROM_WOLFF
EFTA00832199,9,1,TO_WOLFF
EFTA00832200,9,1,FROM_WOLFF
EFTA00833294,9,2,TO_WOLFF
EFTA00833380,9,1,TO_WOLFF
EFTA00833389,9,2,FROM_WOLFF
EFTA00833422,9,1,TO_WOLFF
EFTA00835130,9,1,TO_WOLFF
EFTA00835144,9,1,FROM_WOLFF
EFTA00835154,9,1,TO_WOLFF
EFTA00836180,9,2,TO_WOLFF
EFTA00836231,9,1,TO_WOLFF
EFTA00836275,9,1,TO_WOLFF
EFTA00839148,9,2,TO_WOLFF
EFTA00839150,9,2,TO_WOLFF
EFTA00839258,9,1,TO_WOLFF
EFTA00839583,9,1,TO_WOLFF
EFTA00840695,9,2,TO_WOLFF
EFTA00840753,9,1,FROM_WOLFF
EFTA00840838,9,3,FROM_WOLFF
EFTA00840863,9,1,TO_WOLFF
EFTA00841715,9,1,FROM_WOLFF
EFTA00841716,9,1,TO_WOLFF
EFTA00841717,9,1,FROM_WOLFF
EFTA00841877,9,1,TO_WOLFF
EFTA00843647,9,2,TO_WOLFF
EFTA00845702,9,1,TO_WOLFF
EFTA00845716,9,2,TO_WOLFF
EFTA00847191,9,1,TO_WOLFF
EFTA00847231,9,1,TO_WOLFF
EFTA00848104,9,1,TO_WOLFF
EFTA00848105,9,1,FROM_WOLFF
EFTA00848184,9,1,TO_WOLFF
EFTA00848734,9,2,TO_WOLFF
EFTA00848754,9,2,FROM_WOLFF
EFTA00849130,9,2,TO_WOLFF
EFTA00850374,9,1,TO_WOLFF
EFTA00850375,9,1,TO_WOLFF
EFTA00851767,9,1,TO_WOLFF
EFTA00852789,9,1,TO_WOLFF
EFTA00853787,9,1,TO_WOLFF
EFTA00853788,9,1,FROM_WOLFF
EFTA00854024,9,1,TO_WOLFF
EFTA00854039,9,1,FROM_WOLFF
EFTA00854040,9,1,TO_WOLFF
EFTA00854491,9,1,TO_WOLFF
EFTA00854570,9,1,FROM_WOLFF
EFTA00854583,9,1,TO_WOLFF
EFTA00855281,9,1,FROM_WOLFF
EFTA00856352,9,3,TO_WOLFF
EFTA00857615,9,1,FROM_WOLFF
EFTA00857627,9,1,TO_WOLFF
EFTA00857635,9,1,FROM_WOLFF
EFTA00857684,9,1,TO_WOLFF
EFTA00857730,9,2,FROM_WOLFF
EFTA00858338,9,2,TO_WOLFF
EFTA00858436,9,1,TO_WOLFF
EFTA00859431,9,1,FROM_WOLFF
EFTA00860124,9,1,TO_WOLFF
EFTA00860216,9,1,TO_WOLFF
EFTA00860299,9,1,TO_WOLFF
EFTA00860794,9,1,TO_WOLFF
EFTA00860798,9,1,TO_WOLFF
EFTA00860799,9,1,FROM_WOLFF
EFTA00860832,9,2,TO_WOLFF
EFTA00860834,9,1,TO_WOLFF
EFTA00860835,9,3,TO_WOLFF
EFTA00860838,9,1,TO_WOLFF
EFTA00860839,9,1,TO_WOLFF
EFTA00860924,9,1,TO_WOLFF
EFTA00860944,9,1,TO_WOLFF
EFTA00860946,9,1,TO_WOLFF
EFTA00861017,9,1,FROM_WOLFF
EFTA00861037,9,1,FROM_WOLFF
EFTA00861045,9,2,FROM_WOLFF
EFTA00861062,9,2,FROM_WOLFF
EFTA00861064,9,2,FROM_WOLFF
EFTA00861067,9,2,FROM_WOLFF
EFTA00861078,9,2,FROM_WOLFF
EFTA00861080,9,2,FROM_WOLFF
EFTA00861082,9,3,FROM_WOLFF
EFTA00861184,9,1,TO_WOLFF
EFTA00861242,9,2,TO_WOLFF
EFTA00861931,9,1,TO_WOLFF
EFTA00862505,9,1,TO_WOLFF
EFTA00862508,9,1,TO_WOLFF
EFTA00862717,9,1,TO_WOLFF
EFTA00862736,9,1,FROM_WOLFF
EFTA00862875,9,1,TO_WOLFF
EFTA00863024,9,1,TO_WOLFF
EFTA00863026,9,1,FROM_WOLFF
EFTA00863027,9,1,TO_WOLFF
EFTA00863028,9,2,TO_WOLFF
EFTA00863044,9,2,FROM_WOLFF
EFTA00863046,9,2,TO_WOLFF
EFTA00863378,9,1,TO_WOLFF
EFTA00863383,9,1,TO_WOLFF
EFTA00863388,9,1,TO_WOLFF
EFTA00863390,9,2,TO_WOLFF
EFTA00863405,9,1,TO_WOLFF
EFTA00863410,9,1,TO_WOLFF
EFTA00863411,9,1,FROM_WOLFF
EFTA00863477,9,1,TO_WOLFF
EFTA00863478,9,2,FROM_WOLFF
EFTA00863502,9,1,TO_WOLFF
EFTA00863606,9,1,TO_WOLFF
EFTA00863668,9,1,TO_WOLFF
EFTA00863914,9,2,FROM_WOLFF
EFTA00864016,9,2,FROM_WOLFF
EFTA00864026,9,1,TO_WOLFF
EFTA00864037,9,1,FROM_WOLFF
EFTA00864208,9,1,TO_WOLFF
EFTA00864278,9,1,TO_WOLFF
EFTA00864386,9,1,TO_WOLFF
EFTA00864629,9,1,TO_WOLFF
EFTA00864632,9,1,TO_WOLFF
EFTA00864750,9,1,FROM_WOLFF
EFTA00864847,9,2,FROM+TO
EFTA00864888,9,1,TO_WOLFF
EFTA00864936,9,1,FROM_WOLFF
EFTA00865006,9,1,TO_WOLFF
EFTA00865018,9,2,FROM_WOLFF
EFTA00865039,9,1,FROM_WOLFF
EFTA00865068,9,1,TO_WOLFF
EFTA00865099,9,1,TO_WOLFF
EFTA00865101,9,2,FROM_WOLFF
EFTA00865103,9,1,TO_WOLFF
EFTA00865109,9,1,FROM_WOLFF
EFTA00865119,9,1,FROM_WOLFF
EFTA00865125,9,1,TO_WOLFF
EFTA00865160,9,1,FROM_WOLFF
EFTA00865166,9,1,FROM_WOLFF
EFTA00865217,9,1,FROM_WOLFF
EFTA00865220,9,1,TO_WOLFF
EFTA00865236,9,1,TO_WOLFF
EFTA00865274,9,1,FROM_WOLFF
EFTA00865275,9,2,TO_WOLFF
EFTA00865278,9,1,TO_WOLFF
EFTA00865294,9,1,TO_WOLFF
EFTA00865303,9,2,TO_WOLFF
EFTA00865312,9,2,TO_WOLFF
EFTA00865314,9,2,FROM_WOLFF
EFTA00865317,9,2,FROM_WOLFF
EFTA00865319,9,1,TO_WOLFF
EFTA00865320,9,1,TO_WOLFF
EFTA00865321,9,1,FROM_WOLFF
EFTA00865324,9,1,TO_WOLFF
EFTA00865325,9,1,TO_WOLFF
EFTA00865330,9,1,TO_WOLFF
EFTA00865336,9,2,TO_WOLFF
EFTA00865346,9,1,TO_WOLFF
EFTA00865347,9,1,TO_WOLFF
EFTA00865625,9,1,TO_WOLFF
EFTA00866291,9,1,TO_WOLFF
EFTA00866381,9,1,FROM_WOLFF
EFTA00866457,9,2,TO_WOLFF
EFTA00866482,9,1,TO_WOLFF
EFTA00866516,9,1,TO_WOLFF
EFTA00866876,9,2,TO_WOLFF
EFTA00866974,9,2,TO_WOLFF
EFTA00866985,9,2,TO_WOLFF
EFTA00866987,9,2,FROM_WOLFF
EFTA00867022,9,1,TO_WOLFF
EFTA00867027,9,2,TO_WOLFF
EFTA00867144,9,1,TO_WOLFF
EFTA00867146,9,1,FROM_WOLFF
EFTA00867296,9,2,TO_WOLFF
EFTA00867305,9,1,TO_WOLFF
EFTA00867308,9,1,FROM_WOLFF
EFTA00867364,9,2,TO_WOLFF
EFTA00867428,9,1,TO_WOLFF
EFTA00867433,9,2,TO_WOLFF
EFTA00867635,9,3,TO_WOLFF
EFTA00868468,9,1,TO_WOLFF
EFTA00868473,9,1,FROM_WOLFF
EFTA00868541,9,1,FROM_WOLFF
EFTA00868897,9,1,TO_WOLFF
EFTA00868915,9,1,FROM_WOLFF
EFTA00868917,9,1,TO_WOLFF
EFTA00868918,9,1,FROM_WOLFF
EFTA00868920,9,2,TO_WOLFF
EFTA00868938,9,1,TO_WOLFF
EFTA00868940,9,1,FROM_WOLFF
EFTA00869376,9,1,TO_WOLFF
EFTA00869388,9,1,FROM_WOLFF
EFTA00869447,9,1,TO_WOLFF
EFTA00870142,9,1,FROM_WOLFF
EFTA00870181,9,1,TO_WOLFF
EFTA00870445,9,1,TO_WOLFF
EFTA00870653,9,1,FROM_WOLFF
EFTA00871561,9,1,TO_WOLFF
EFTA00872018,9,1,TO_WOLFF
EFTA00872128,9,2,TO_WOLFF
EFTA00872156,9,2,FROM_WOLFF
EFTA00872548,9,1,TO_WOLFF
EFTA00872859,9,2,TO_WOLFF
EFTA00875998,9,1,TO_WOLFF
EFTA00876318,9,1,FROM_WOLFF
EFTA00876387,9,1,TO_WOLFF
EFTA00876401,9,1,FROM_WOLFF
EFTA00876405,9,2,TO_WOLFF
EFTA00876492,9,1,TO_WOLFF
EFTA00876679,9,1,FROM_WOLFF
EFTA00876684,9,1,TO_WOLFF
EFTA00876728,9,1,FROM_WOLFF
EFTA00876734,9,1,TO_WOLFF
EFTA00876735,9,1,FROM_WOLFF
EFTA00877508,9,1,TO_WOLFF
EFTA00877568,9,1,FROM_WOLFF
EFTA00877624,9,1,FROM+TO
EFTA00877631,9,1,TO_WOLFF
EFTA00877632,9,1,TO_WOLFF
EFTA00877658,9,1,FROM+TO
EFTA00877660,9,2,TO_WOLFF
EFTA00877663,9,2,FROM+TO
EFTA00877685,9,2,TO_WOLFF
EFTA00878248,9,1,TO_WOLFF
EFTA00878305,9,1,FROM_WOLFF
EFTA00878475,9,1,TO_WOLFF
EFTA00878483,9,1,FROM_WOLFF
EFTA00879145,9,1,TO_WOLFF
EFTA00879154,9,1,TO_WOLFF
EFTA00879929,9,1,TO_WOLFF
EFTA00879954,9,1,FROM_WOLFF
EFTA00879959,9,1,TO_WOLFF
EFTA00886942,9,1,TO_WOLFF
EFTA00888545,9,1,FROM_WOLFF
EFTA00892627,9,1,TO_WOLFF
EFTA00892737,9,1,TO_WOLFF
EFTA00892911,9,1,TO_WOLFF
EFTA00892920,9,1,FROM_WOLFF
EFTA00892929,9,1,TO_WOLFF
EFTA00899881,9,1,TO_WOLFF
EFTA00899895,9,1,TO_WOLFF
EFTA00900371,9,1,TO_WOLFF
EFTA00900551,9,1,TO_WOLFF
EFTA00901057,9,1,TO_WOLFF
EFTA00901312,9,1,FROM_WOLFF
EFTA00901334,9,1,FROM_WOLFF
EFTA00904394,9,1,TO_WOLFF
EFTA00905018,9,1,TO_WOLFF
EFTA00905041,9,1,FROM_WOLFF
EFTA00905050,9,1,TO_WOLFF
EFTA00905831,9,1,TO_WOLFF
EFTA00905870,9,1,FROM_WOLFF
EFTA00905882,9,1,TO_WOLFF
EFTA00905956,9,1,TO_WOLFF
EFTA00906405,9,1,TO_WOLFF
EFTA00907769,9,1,TO_WOLFF
EFTA00907814,9,1,FROM_WOLFF
EFTA00907821,9,1,TO_WOLFF
EFTA00907833,9,2,FROM_WOLFF
EFTA00907843,9,2,TO_WOLFF
EFTA00907864,9,2,TO_WOLFF
EFTA00907872,9,2,FROM_WOLFF
EFTA00907877,9,2,TO_WOLFF
EFTA00907879,9,2,FROM_WOLFF
EFTA00907900,9,3,TO_WOLFF
EFTA00907917,9,3,FROM_WOLFF
EFTA00907928,9,4,FROM_WOLFF
EFTA00907932,9,4,TO_WOLFF
EFTA00909324,9,1,TO_WOLFF
EFTA00909968,9,1,TO_WOLFF
EFTA00909990,9,1,FROM_WOLFF
EFTA00909997,9,1,TO_WOLFF
EFTA00910000,9,1,FROM_WOLFF
EFTA00910106,9,1,TO_WOLFF
EFTA00910455,9,1,TO_WOLFF
EFTA00910549,9,1,TO_WOLFF
EFTA00911199,9,1,FROM_WOLFF
EFTA00911215,9,1,TO_WOLFF
EFTA00911218,9,1,TO_WOLFF
EFTA00911248,9,1,TO_WOLFF
EFTA00911611,9,1,TO_WOLFF
EFTA00912544,9,1,TO_WOLFF
EFTA00912881,9,1,FROM_WOLFF
EFTA00912919,9,1,TO_WOLFF
EFTA00912926,9,1,FROM_WOLFF
EFTA00912936,9,2,TO_WOLFF
EFTA00913006,9,2,FROM_WOLFF
EFTA00913248,9,1,TO_WOLFF
EFTA00913258,9,1,FROM_WOLFF
EFTA00913580,9,1,TO_WOLFF
EFTA00913604,9,1,FROM_WOLFF
EFTA00913606,9,1,TO_WOLFF
EFTA00913641,9,1,FROM_WOLFF
EFTA00913644,9,2,TO_WOLFF
EFTA00913646,9,2,TO_WOLFF
EFTA00913921,9,1,TO_WOLFF
EFTA00913924,9,1,FROM_WOLFF
EFTA00914034,9,1,TO_WOLFF
EFTA00914086,9,1,TO_WOLFF
EFTA00914093,9,1,FROM_WOLFF
EFTA00914125,9,2,TO_WOLFF
EFTA00914159,9,2,TO_WOLFF
EFTA00914164,9,3,TO_WOLFF
EFTA00914554,9,1,TO_WOLFF
EFTA00914593,9,3,FROM_WOLFF
EFTA00914835,9,1,TO_WOLFF
EFTA00914885,9,1,TO_WOLFF
EFTA00914906,9,1,TO_WOLFF
EFTA00915695,9,2,CC_WOLFF
EFTA00915723,9,1,TO_WOLFF
EFTA00915728,9,1,FROM_WOLFF
EFTA00915984,9,1,TO_WOLFF
EFTA00916010,9,1,TO_WOLFF
EFTA00916142,9,1,TO_WOLFF
EFTA00916159,9,1,TO_WOLFF
EFTA00916162,9,1,FROM_WOLFF
EFTA00916532,9,1,TO_WOLFF
EFTA00916678,9,1,TO_WOLFF
EFTA00916741,9,1,FROM_WOLFF
EFTA00916753,9,1,TO_WOLFF
EFTA00916786,9,1,TO_WOLFF
EFTA00916801,9,1,TO_WOLFF
EFTA00916817,9,1,FROM_WOLFF
EFTA00917177,9,1,TO_WOLFF
EFTA00917187,9,1,FROM_WOLFF
EFTA00917229,9,1,TO_WOLFF
EFTA00917242,9,1,FROM_WOLFF
EFTA00917249,9,1,TO_WOLFF
EFTA00917251,9,1,TO_WOLFF
EFTA00917289,9,1,TO_WOLFF
EFTA00917421,9,1,TO_WOLFF
EFTA00917447,9,1,FROM_WOLFF
EFTA00917478,9,2,FROM_WOLFF
EFTA00917629,9,2,TO_WOLFF
EFTA00918096,9,1,TO_WOLFF
EFTA00918109,9,1,FROM_WOLFF
EFTA00918128,9,1,TO_WOLFF
EFTA00918150,9,1,TO_WOLFF
EFTA00918207,9,1,FROM_WOLFF
EFTA00918219,9,1,TO_WOLFF
EFTA00918244,9,2,TO_WOLFF
EFTA00918246,9,2,FROM_WOLFF
EFTA00918248,9,2,TO_WOLFF
EFTA00918250,9,2,FROM_WOLFF
EFTA00918256,9,2,TO_WOLFF
EFTA00918291,9,2,TO_WOLFF
EFTA00918295,9,1,TO_WOLFF
EFTA00918343,9,1,TO_WOLFF
EFTA00918353,9,1,FROM_WOLFF
EFTA00918354,9,1,TO_WOLFF
EFTA00918362,9,2,FROM_WOLFF
EFTA00918370,9,2,TO_WOLFF
EFTA00918383,9,1,TO_WOLFF
EFTA00918422,9,1,TO_WOLFF
EFTA00918508,9,1,TO_WOLFF
EFTA00918525,9,1,TO_WOLFF
EFTA00918542,9,1,FROM_WOLFF
EFTA00918609,9,1,TO_WOLFF
EFTA00918816,9,1,TO_WOLFF
EFTA00918901,9,1,FROM_WOLFF
EFTA00918985,9,1,TO_WOLFF
EFTA00920170,9,1,TO_WOLFF
EFTA00920197,9,1,FROM_WOLFF
EFTA00920209,9,1,TO_WOLFF
EFTA00920311,9,1,TO_WOLFF
EFTA00920455,9,1,TO_WOLFF
EFTA00920643,9,1,TO_WOLFF
EFTA00920803,9,1,TO_WOLFF
EFTA00920809,9,1,TO_WOLFF
EFTA00920927,9,1,FROM_WOLFF
EFTA00920950,9,2,TO_WOLFF
EFTA00920972,9,2,TO_WOLFF
EFTA00921047,9,2,FROM_WOLFF
EFTA00921425,9,1,FROM_WOLFF
EFTA00921553,9,1,FROM_WOLFF
EFTA00921554,9,2,TO_WOLFF
EFTA00922350,9,1,TO_WOLFF
EFTA00923040,9,1,TO_WOLFF
EFTA00923041,9,1,FROM_WOLFF
EFTA00923051,9,1,TO_WOLFF
EFTA00923071,9,1,FROM_WOLFF
EFTA00923102,9,2,TO_WOLFF
EFTA00923626,9,1,TO_WOLFF
EFTA00923631,9,1,FROM_WOLFF
EFTA00925987,9,1,FROM_WOLFF
EFTA00926019,9,1,FROM_WOLFF
EFTA00926653,9,1,TO_WOLFF
EFTA00926694,9,1,FROM_WOLFF
EFTA00926696,9,2,TO_WOLFF
EFTA00926700,9,2,FROM_WOLFF
EFTA00926706,9,2,TO_WOLFF
EFTA00926763,9,2,TO_WOLFF
EFTA00926968,9,1,TO_WOLFF
EFTA00927196,9,1,FROM_WOLFF
EFTA00927204,9,1,TO_WOLFF
EFTA00927217,9,1,CC_WOLFF
EFTA00927218,9,2,FROM_WOLFF
EFTA00927369,9,2,TO_WOLFF
EFTA00927388,9,2,FROM_WOLFF
EFTA00927401,9,2,TO_WOLFF
EFTA00927430,9,1,TO_WOLFF
EFTA00927450,9,1,FROM_WOLFF
EFTA00928778,9,1,TO_WOLFF
EFTA00931359,9,1,TO_WOLFF
EFTA00931362,9,1,TO_WOLFF
EFTA00931463,9,1,FROM_WOLFF
EFTA00931612,9,1,TO_WOLFF
EFTA00931654,9,1,FROM_WOLFF
EFTA00931663,9,1,TO_WOLFF
EFTA00931818,9,1,TO_WOLFF
EFTA00933470,9,1,FROM_WOLFF
EFTA00933486,9,1,TO_WOLFF
EFTA00933498,9,1,FROM_WOLFF
EFTA00933504,9,2,TO_WOLFF
EFTA00933525,9,2,FROM_WOLFF
EFTA00934030,9,1,FROM_WOLFF
EFTA00934346,9,2,TO_WOLFF
EFTA00934353,9,2,FROM_WOLFF
EFTA00934981,9,1,TO_WOLFF
EFTA00935170,9,1,FROM_WOLFF
EFTA00936042,9,1,TO_WOLFF
EFTA00936047,9,1,FROM_WOLFF
EFTA00937719,9,1,TO_WOLFF
EFTA00937727,9,1,FROM_WOLFF
EFTA00937741,9,2,TO_WOLFF
EFTA00939822,9,1,TO_WOLFF
EFTA00940520,9,1,TO_WOLFF
EFTA00940640,9,1,FROM_WOLFF
EFTA00940644,9,1,TO_WOLFF
EFTA00940650,9,2,TO_WOLFF
EFTA00941507,9,1,TO_WOLFF
EFTA00942912,9,1,TO_WOLFF
EFTA00943834,9,2,TO_WOLFF
EFTA00943838,9,2,TO_WOLFF
EFTA00943840,9,2,FROM_WOLFF
EFTA00944006,9,1,TO_WOLFF
EFTA00944066,9,2,FROM+TO
EFTA00944085,9,2,FROM_WOLFF
EFTA00944547,9,1,FROM_WOLFF
EFTA00944679,9,1,FROM_WOLFF
EFTA00944688,9,1,TO_WOLFF
EFTA00944697,9,2,FROM_WOLFF
EFTA00944704,9,2,TO_WOLFF
EFTA00944709,9,2,FROM_WOLFF
EFTA00944718,9,1,TO_WOLFF
EFTA00944740,9,2,FROM_WOLFF
EFTA00945520,9,1,TO_WOLFF
EFTA00945524,9,1,TO_WOLFF
EFTA00945573,9,1,FROM_WOLFF
EFTA00945574,9,2,TO_WOLFF
EFTA00945660,9,2,TO_WOLFF
EFTA00945689,9,1,FROM_WOLFF
EFTA00946297,9,1,TO_WOLFF
EFTA00946343,9,1,FROM_WOLFF
EFTA00949643,9,1,TO_WOLFF
EFTA00950217,9,1,TO_WOLFF
EFTA00950295,9,1,TO_WOLFF
EFTA00952425,9,1,TO_WOLFF
EFTA00952465,9,2,TO_WOLFF
EFTA00952778,9,1,TO_WOLFF
EFTA00953201,9,1,TO_WOLFF
EFTA00953263,9,1,FROM_WOLFF
EFTA00953488,9,2,FROM_WOLFF
EFTA00953958,9,1,TO_WOLFF
EFTA00953981,9,1,FROM_WOLFF
EFTA00956417,9,1,TO_WOLFF
EFTA00956418,9,1,FROM_WOLFF
EFTA00956428,9,1,TO_WOLFF
EFTA00956429,9,1,FROM_WOLFF
EFTA00956449,9,2,TO_WOLFF
EFTA00956458,9,2,FROM_WOLFF
EFTA00957686,9,1,TO_WOLFF
EFTA00959656,9,1,TO_WOLFF
EFTA00960236,9,1,TO_WOLFF
EFTA00960237,9,1,FROM_WOLFF
EFTA00960239,9,1,TO_WOLFF
EFTA00960244,9,2,TO_WOLFF
EFTA00960251,9,1,TO_WOLFF
EFTA00960261,9,2,TO_WOLFF
EFTA00960345,9,1,TO_WOLFF
EFTA00960578,9,1,TO_WOLFF
EFTA00960789,9,1,TO_WOLFF
EFTA00960799,9,2,TO_WOLFF
EFTA00961249,9,2,TO_WOLFF
EFTA00961397,9,1,FROM_WOLFF
EFTA00961400,9,2,FROM_WOLFF
EFTA00961433,9,1,TO_WOLFF
EFTA00961757,9,1,FROM_WOLFF
EFTA00962262,9,1,TO_WOLFF
EFTA00962573,9,1,TO_WOLFF
EFTA00962688,9,1,FROM_WOLFF
EFTA00962764,9,1,TO_WOLFF
EFTA00963126,9,2,TO_WOLFF
EFTA00963134,9,2,FROM_WOLFF
EFTA00963210,9,2,TO_WOLFF
EFTA00963213,9,2,TO_WOLFF
EFTA00963250,9,3,TO_WOLFF
EFTA00963274,9,3,TO_WOLFF
EFTA00963925,9,1,TO_WOLFF
EFTA00964275,9,1,TO_WOLFF
EFTA00965207,9,1,TO_WOLFF
EFTA00965219,9,1,FROM_WOLFF
EFTA00965226,9,1,TO_WOLFF
EFTA00965677,9,1,TO_WOLFF
EFTA00965936,9,1,TO_WOLFF
EFTA00966249,9,2,TO_WOLFF
EFTA00966838,9,1,TO_WOLFF
EFTA00967211,9,1,TO_WOLFF
EFTA00967733,9,1,TO_WOLFF
EFTA00967742,9,1,TO_WOLFF
EFTA00968024,9,2,TO_WOLFF
EFTA00968026,9,2,TO_WOLFF
EFTA00968035,9,2,FROM_WOLFF
EFTA00968228,9,1,TO_WOLFF
EFTA00968296,9,1,TO_WOLFF
EFTA00969262,9,1,TO_WOLFF
EFTA00969483,9,2,FROM_WOLFF
EFTA00969599,9,3,FROM_WOLFF
EFTA00971156,9,1,TO_WOLFF
EFTA00971852,9,1,TO_WOLFF
EFTA00971946,9,1,TO_WOLFF
EFTA00972407,9,1,TO_WOLFF
EFTA00973004,9,1,TO_WOLFF
EFTA00973688,9,1,TO_WOLFF
EFTA00973791,9,1,TO_WOLFF
EFTA00974985,9,1,TO_WOLFF
EFTA00975176,9,1,TO_WOLFF
EFTA00975532,9,2,TO_WOLFF
EFTA00976775,9,1,TO_WOLFF
EFTA00976876,9,1,FROM_WOLFF
EFTA00977962,9,1,TO_WOLFF
EFTA00977973,9,1,TO_WOLFF
EFTA00978188,9,1,TO_WOLFF
EFTA00978353,9,2,TO_WOLFF
EFTA00978634,9,1,TO_WOLFF
EFTA00978772,9,1,FROM_WOLFF
EFTA00978786,9,1,TO_WOLFF
EFTA00979681,9,1,TO_WOLFF
EFTA00979835,9,1,FROM_WOLFF
EFTA00979842,9,1,TO_WOLFF
EFTA00980093,9,1,TO_WOLFF
EFTA00980129,9,1,FROM_WOLFF
EFTA00980137,9,1,TO_WOLFF
EFTA00980139,9,1,FROM_WOLFF
EFTA00980237,9,1,FROM_WOLFF
EFTA00980272,9,2,TO_WOLFF
EFTA00980388,9,2,FROM_WOLFF
EFTA00980397,9,2,TO_WOLFF
EFTA00980516,9,3,TO_WOLFF
EFTA00980522,9,3,FROM_WOLFF
EFTA00980532,9,3,TO_WOLFF
EFTA00980544,9,3,FROM_WOLFF
EFTA00980553,9,3,FROM_WOLFF
EFTA00980561,9,3,TO_WOLFF
EFTA00980575,9,3,FROM_WOLFF
EFTA00980587,9,1,TO_WOLFF
EFTA00980885,9,1,FROM_WOLFF
EFTA00980977,9,2,FROM_WOLFF
EFTA00981034,9,1,TO_WOLFF
EFTA00981957,9,1,FROM_WOLFF
EFTA00982292,9,2,FROM_WOLFF
EFTA00982299,9,2,TO_WOLFF
EFTA00982782,9,2,TO_WOLFF
EFTA00983034,9,4,TO_WOLFF
EFTA00983386,9,1,TO_WOLFF
EFTA00983396,9,1,FROM_WOLFF
EFTA00983400,9,1,TO_WOLFF
EFTA00984993,9,1,FROM_WOLFF
EFTA00985014,9,2,TO_WOLFF
EFTA00985088,9,2,TO_WOLFF
EFTA00985726,9,1,FROM_WOLFF
EFTA00985753,9,1,TO_WOLFF
EFTA00986943,9,1,TO_WOLFF
EFTA00987034,9,1,FROM_WOLFF
EFTA00987830,9,1,TO_WOLFF
EFTA00988084,9,1,TO_WOLFF
EFTA00988346,9,1,TO_WOLFF
EFTA00988737,9,1,TO_WOLFF
EFTA00989174,9,1,FROM_WOLFF
EFTA00989613,9,1,TO_WOLFF
EFTA00989622,9,1,TO_WOLFF
EFTA00990159,9,1,FROM_WOLFF
EFTA00990469,9,1,TO_WOLFF
EFTA00990482,9,1,TO_WOLFF
EFTA00990483,9,1,FROM_WOLFF
EFTA00990493,9,2,TO_WOLFF
EFTA00990505,9,2,FROM_WOLFF
EFTA00990597,9,1,TO_WOLFF
EFTA00991437,9,1,TO_WOLFF
EFTA00993017,9,1,TO_WOLFF
EFTA00993209,9,1,TO_WOLFF
EFTA00993316,9,1,TO_WOLFF
EFTA00995366,9,1,TO_WOLFF
EFTA00995369,9,2,FROM_WOLFF
EFTA00995631,9,1,TO_WOLFF
EFTA00995665,9,1,TO_WOLFF
EFTA00995727,9,2,TO_WOLFF
EFTA00995995,9,1,FROM+TO
EFTA00996129,9,1,TO_WOLFF
EFTA00996143,9,1,FROM_WOLFF
EFTA00996353,9,2,TO_WOLFF
EFTA00996510,9,1,TO_WOLFF
EFTA00996616,9,1,FROM_WOLFF
EFTA00996657,9,2,TO_WOLFF
EFTA00997058,9,1,TO_WOLFF
EFTA00997061,9,1,TO_WOLFF
EFTA00997062,9,2,TO_WOLFF
EFTA00997180,9,2,FROM_WOLFF
EFTA00997184,9,2,TO_WOLFF
EFTA00997186,9,2,FROM_WOLFF
EFTA00997188,9,2,TO_WOLFF
EFTA00997339,9,2,FROM_WOLFF
EFTA00997458,9,1,FROM_WOLFF
EFTA00998634,9,1,TO_WOLFF
EFTA00998749,9,1,TO_WOLFF
EFTA00998787,9,2,TO_WOLFF
EFTA00998868,9,1,FROM_WOLFF
EFTA01001393,9,1,TO_WOLFF
EFTA01001399,9,1,FROM_WOLFF
EFTA01001988,9,1,TO_WOLFF
EFTA01002994,9,1,TO_WOLFF
EFTA01002995,9,1,TO_WOLFF
EFTA01002998,9,2,TO_WOLFF
EFTA01003806,9,1,TO_WOLFF
EFTA01003816,9,1,FROM_WOLFF
EFTA01003826,9,2,TO_WOLFF
EFTA01003857,9,1,FROM_WOLFF
EFTA01003976,9,1,TO_WOLFF
EFTA01004227,9,1,TO_WOLFF
EFTA01004228,9,1,FROM_WOLFF
EFTA01004249,9,1,TO_WOLFF
EFTA01004738,9,1,TO_WOLFF
EFTA01005094,9,1,TO_WOLFF
EFTA01005096,9,1,FROM_WOLFF
EFTA01005194,9,1,TO_WOLFF
EFTA01005196,9,1,FROM_WOLFF
EFTA01005208,9,1,FROM_WOLFF
EFTA01005209,9,1,TO_WOLFF
EFTA01005558,9,1,FROM_WOLFF
EFTA01005559,9,1,TO_WOLFF
EFTA01005569,9,1,FROM_WOLFF
EFTA01005573,9,2,FROM_WOLFF
EFTA01005624,9,1,FROM_WOLFF
EFTA01005942,9,1,TO_WOLFF
EFTA01006319,9,1,TO_WOLFF
EFTA01006386,9,1,FROM_WOLFF
EFTA01006775,9,1,FROM_WOLFF
EFTA01006808,9,1,FROM_WOLFF
EFTA01006824,9,1,TO_WOLFF
EFTA01007034,9,1,TO_WOLFF
EFTA01007035,9,1,FROM_WOLFF
EFTA01007036,9,1,TO_WOLFF
EFTA01007038,9,1,FROM_WOLFF
EFTA01007153,9,1,FROM_WOLFF
EFTA01007459,9,1,TO_WOLFF
EFTA01007586,9,1,TO_WOLFF
EFTA01007587,9,1,FROM_WOLFF
EFTA01007588,9,2,FROM_WOLFF
EFTA01007594,9,2,FROM_WOLFF
EFTA01007685,9,1,TO_WOLFF
EFTA01007907,9,1,TO_WOLFF
EFTA01007908,9,1,FROM_WOLFF
EFTA01007913,9,1,TO_WOLFF
EFTA01007919,9,1,FROM_WOLFF
EFTA01007930,9,2,TO_WOLFF
EFTA01008176,9,1,TO_WOLFF
EFTA01008180,9,1,FROM_WOLFF
EFTA01008182,9,2,FROM_WOLFF
EFTA01008185,9,2,FROM_WOLFF
EFTA01009683,9,1,FROM_WOLFF
EFTA01009785,9,1,TO_WOLFF
EFTA01010904,9,1,FROM_WOLFF
EFTA01010934,9,1,TO_WOLFF
EFTA01010960,9,1,FROM_WOLFF
EFTA01013285,9,3,FROM_WOLFF
EFTA01013303,9,2,TO_WOLFF
EFTA01013538,9,1,TO_WOLFF
EFTA01013635,9,1,CC_WOLFF
EFTA01014074,9,1,FROM_WOLFF
EFTA01014083,9,1,TO_WOLFF
EFTA01014109,9,1,FROM_WOLFF
EFTA01014116,9,1,TO_WOLFF
EFTA01014143,9,1,FROM_WOLFF
EFTA01014145,9,1,FROM_WOLFF
EFTA01014152,9,1,EMAIL_ADDR+FROM
EFTA01014212,9,1,TO_WOLFF
EFTA01014214,9,1,FROM_WOLFF
EFTA01014218,9,1,TO_WOLFF
EFTA01014219,9,1,FROM_WOLFF
EFTA01014274,9,1,FROM_WOLFF
EFTA01014444,9,3,FROM_WOLFF
EFTA01014447,9,3,TO_WOLFF
EFTA01014465,9,1,FROM_WOLFF
EFTA01014468,9,1,TO_WOLFF
EFTA01014469,9,1,FROM_WOLFF
EFTA01014472,9,1,TO_WOLFF
EFTA01014544,9,2,TO_WOLFF
EFTA01014559,9,1,TO_WOLFF
EFTA01014583,9,2,TO_WOLFF
EFTA01014592,9,2,TO_WOLFF
EFTA01014613,9,2,TO_WOLFF
EFTA01014615,9,2,TO_WOLFF
EFTA01014700,9,1,TO_WOLFF
EFTA01014701,9,1,FROM_WOLFF
EFTA01014702,9,1,TO_WOLFF
EFTA01014745,9,3,FROM_WOLFF
EFTA01014750,9,3,FROM_WOLFF
EFTA01014754,9,2,FROM_WOLFF
EFTA01014756,9,2,TO_WOLFF
EFTA01014758,9,2,FROM_WOLFF
EFTA01014760,9,2,TO_WOLFF
EFTA01014798,9,2,TO_WOLFF
EFTA01014800,9,2,FROM_WOLFF
EFTA01014805,9,2,TO_WOLFF
EFTA01014834,9,1,TO_WOLFF
EFTA01014890,9,1,TO_WOLFF
EFTA01014891,9,1,FROM_WOLFF
EFTA01015098,9,2,FROM_WOLFF
EFTA01015154,9,1,TO_WOLFF
EFTA01015180,9,1,FROM_WOLFF
EFTA01015181,9,1,TO_WOLFF
EFTA01015182,9,1,FROM_WOLFF
EFTA01015483,9,1,FROM_WOLFF
EFTA01015486,9,1,TO_WOLFF
EFTA01015487,9,1,FROM_WOLFF
EFTA01015488,9,1,TO_WOLFF
EFTA01016522,9,1,TO_WOLFF
EFTA01016539,9,1,FROM_WOLFF
EFTA01016971,9,1,TO_WOLFF
EFTA01017040,9,1,FROM_WOLFF
EFTA01017050,9,1,TO_WOLFF
EFTA01017093,9,1,TO_WOLFF
EFTA01017171,9,1,FROM_WOLFF
EFTA01017172,9,1,TO_WOLFF
EFTA01017175,9,1,FROM_WOLFF
EFTA01017176,9,1,TO_WOLFF
EFTA01017329,9,1,FROM_WOLFF
EFTA01017340,9,1,TO_WOLFF
EFTA01017387,9,1,TO_WOLFF
EFTA01017392,9,1,FROM_WOLFF
EFTA01017453,9,1,FROM_WOLFF
EFTA01017501,9,2,FROM_WOLFF
EFTA01017503,9,2,TO_WOLFF
EFTA01017505,9,2,TO_WOLFF
EFTA01017514,9,1,FROM_WOLFF
EFTA01017519,9,1,TO_WOLFF
EFTA01017686,9,1,TO_WOLFF
EFTA01018447,9,1,FROM_WOLFF
EFTA01018627,9,1,FROM_WOLFF
EFTA01018629,9,1,TO_WOLFF
EFTA01018716,9,1,TO_WOLFF
EFTA01018830,9,1,TO_WOLFF
EFTA01019066,9,1,FROM_WOLFF
EFTA01019777,9,1,TO_WOLFF
EFTA01020792,9,1,TO_WOLFF
EFTA01020793,9,1,FROM_WOLFF
EFTA01020794,9,1,TO_WOLFF
EFTA01022349,9,1,FROM_WOLFF
EFTA01022484,9,2,FROM_WOLFF
EFTA01022504,9,1,FROM_WOLFF
EFTA01023537,9,1,FROM_WOLFF
EFTA01023538,9,1,TO_WOLFF
EFTA01023543,9,1,TO_WOLFF
EFTA01023602,9,2,TO_WOLFF
EFTA01023607,9,1,FROM_WOLFF
EFTA01023657,9,1,FROM_WOLFF
EFTA01023756,9,1,TO_WOLFF
EFTA01023877,9,1,FROM_WOLFF
EFTA01023878,9,1,TO_WOLFF
EFTA01023879,9,1,TO_WOLFF
EFTA01024170,9,1,FROM_WOLFF
EFTA01024174,9,1,TO_WOLFF
EFTA01025984,9,3,TO_WOLFF
EFTA01025995,9,2,TO_WOLFF
EFTA01026813,9,2,TO_WOLFF
EFTA01026819,9,2,FROM_WOLFF
EFTA01026867,9,2,TO_WOLFF
EFTA01026920,9,2,TO_WOLFF
EFTA01027180,9,2,FROM_WOLFF
EFTA01027187,9,3,TO_WOLFF
EFTA01027462,9,1,FROM_WOLFF
EFTA01027463,9,1,FROM_WOLFF
EFTA01027465,9,1,TO_WOLFF
EFTA01027732,9,2,FROM_WOLFF
EFTA01027747,9,1,FROM_WOLFF
EFTA01028576,9,2,FROM_WOLFF
EFTA01028578,9,1,FROM_WOLFF
EFTA01028580,9,1,TO_WOLFF
EFTA01028581,9,1,FROM_WOLFF
EFTA01028586,9,1,TO_WOLFF
EFTA01028615,9,1,TO_WOLFF
EFTA01028616,9,1,TO_WOLFF
EFTA01028617,9,1,TO_WOLFF
EFTA01028618,9,1,TO_WOLFF
EFTA01028620,9,1,TO_WOLFF
EFTA01028632,9,2,TO_WOLFF
EFTA01028636,9,3,TO_WOLFF
EFTA01028639,9,3,TO_WOLFF
EFTA01028682,9,2,FROM+TO
EFTA01028688,9,2,TO_WOLFF
EFTA01028737,9,1,TO_WOLFF
EFTA01028738,9,1,TO_WOLFF
EFTA01028739,9,1,TO_WOLFF
EFTA01028740,9,1,TO_WOLFF
EFTA01030600,9,1,FROM_WOLFF
EFTA01030683,9,3,TO_WOLFF
EFTA01030761,9,1,TO_WOLFF
EFTA01030806,9,8,TO_WOLFF
EFTA01030817,9,1,FROM_WOLFF
EFTA01030824,9,1,TO_WOLFF
EFTA01031198,9,1,FROM_WOLFF
EFTA01031224,9,1,TO_WOLFF
EFTA01031225,9,1,FROM_WOLFF
EFTA01031226,9,1,TO_WOLFF
EFTA01031278,9,1,TO_WOLFF
EFTA01031639,9,1,TO_WOLFF
EFTA01031771,9,1,FROM_WOLFF
EFTA01031833,9,3,TO_WOLFF
EFTA01031840,9,1,FROM_WOLFF
EFTA01032286,9,2,TO_WOLFF
EFTA01032288,9,2,TO_WOLFF
EFTA01032290,9,2,FROM_WOLFF
EFTA01032292,9,2,TO_WOLFF
EFTA01032301,9,1,FROM_WOLFF
EFTA01032304,9,1,TO_WOLFF
EFTA01032312,9,1,TO_WOLFF
EFTA01032414,9,1,FROM_WOLFF
EFTA01032475,9,1,FROM_WOLFF
EFTA01032573,9,2,TO_WOLFF
EFTA01032575,9,1,FROM_WOLFF
EFTA01032580,9,1,TO_WOLFF
EFTA01032589,9,1,TO_WOLFF
EFTA01032947,9,1,TO_WOLFF
EFTA01033261,9,2,FROM_WOLFF
EFTA01033287,9,1,FROM_WOLFF
EFTA01033303,9,1,CC_WOLFF
EFTA01033304,9,1,TO_WOLFF
EFTA01033314,9,1,FROM_WOLFF
EFTA01033355,9,1,FROM_WOLFF
EFTA01033356,9,1,CC_WOLFF
EFTA01033357,9,1,TO_WOLFF
EFTA01033518,9,1,FROM_WOLFF
EFTA01033620,9,1,FROM_WOLFF
EFTA01033622,9,1,TO_WOLFF
EFTA01033671,9,1,FROM_WOLFF
EFTA01033688,9,1,TO_WOLFF
EFTA01034413,9,1,TO_WOLFF
EFTA01034551,9,3,TO_WOLFF
EFTA01034579,9,1,TO_WOLFF
EFTA01034621,9,1,TO_WOLFF
EFTA01034803,9,1,TO_WOLFF
EFTA01034804,9,1,TO_WOLFF
EFTA01035588,9,1,FROM_WOLFF
EFTA01036354,9,1,TO_WOLFF
EFTA01036376,9,1,FROM_WOLFF
EFTA01036395,9,1,FROM_WOLFF
EFTA01036448,9,1,TO_WOLFF
EFTA01036457,9,1,TO_WOLFF
EFTA01036466,9,1,TO_WOLFF
EFTA01036501,9,2,FROM_WOLFF
EFTA01036537,9,1,TO_WOLFF
EFTA01036673,9,1,TO_WOLFF
EFTA01037069,9,1,TO_WOLFF
EFTA01037230,9,1,TO_WOLFF
EFTA01037415,9,1,TO_WOLFF
EFTA01037417,9,1,FROM_WOLFF
EFTA01037418,9,1,TO_WOLFF
EFTA01037674,9,1,TO_WOLFF
EFTA01037704,9,1,TO_WOLFF
EFTA01037721,9,1,TO_WOLFF
EFTA01038024,9,1,TO_WOLFF
EFTA01038025,9,1,TO_WOLFF
EFTA01038646,9,1,TO_WOLFF
EFTA01038775,9,1,TO_WOLFF
EFTA01038858,9,1,FROM_WOLFF
EFTA01039033,9,2,TO_WOLFF
EFTA01039077,9,1,TO_WOLFF
EFTA01039079,9,2,FROM_WOLFF
EFTA01039081,9,1,FROM_WOLFF
EFTA01039167,9,1,TO_WOLFF
EFTA01039190,9,1,TO_WOLFF
EFTA01039194,9,2,FROM_WOLFF
EFTA01039261,9,1,TO_WOLFF
EFTA01039263,9,1,TO_WOLFF
EFTA01039292,9,1,TO_WOLFF
EFTA01039295,9,1,TO_WOLFF
EFTA01039475,9,1,TO_WOLFF
EFTA01039491,9,1,TO_WOLFF
EFTA01039595,9,1,FROM_WOLFF
EFTA01039998,9,2,TO_WOLFF
EFTA01040001,9,2,TO_WOLFF
EFTA01040060,9,1,TO_WOLFF
EFTA01040061,9,2,TO_WOLFF
EFTA01040210,9,1,TO_WOLFF
EFTA01040490,9,1,TO_WOLFF
EFTA01041522,9,1,TO_WOLFF
EFTA01041811,9,1,TO_WOLFF
EFTA01042535,9,1,FROM_WOLFF
EFTA01042554,9,1,TO_WOLFF
EFTA01042567,9,1,FROM_WOLFF
EFTA01042577,9,1,TO_WOLFF
EFTA01042585,9,1,TO_WOLFF
EFTA01042606,9,2,FROM_WOLFF
EFTA01042612,9,2,TO_WOLFF
EFTA01042623,9,2,FROM_WOLFF
EFTA01042650,9,2,TO_WOLFF
EFTA01043096,9,1,FROM_WOLFF
EFTA01043410,9,1,TO_WOLFF
EFTA01043411,9,1,TO_WOLFF
EFTA01044081,9,2,TO_WOLFF
EFTA01044105,9,2,TO_WOLFF
EFTA01044157,9,3,TO_WOLFF
EFTA01044396,9,1,TO_WOLFF
EFTA01044406,9,1,FROM_WOLFF
EFTA01044565,9,1,FROM_WOLFF
EFTA01044567,9,1,TO_WOLFF
EFTA01044568,9,2,TO_WOLFF
EFTA01044575,9,2,TO_WOLFF
EFTA01044583,9,2,TO_WOLFF
EFTA01045070,9,1,TO_WOLFF
EFTA01045091,9,1,TO_WOLFF
EFTA01045174,9,1,TO_WOLFF
EFTA01045183,9,1,TO_WOLFF
EFTA01045493,9,1,FROM_WOLFF
EFTA01047181,9,1,TO_WOLFF
EFTA01047182,9,1,FROM_WOLFF
EFTA01047197,9,1,TO_WOLFF
EFTA01047198,9,1,TO_WOLFF
EFTA01047230,9,1,TO_WOLFF
EFTA01047445,9,1,TO_WOLFF
EFTA01047668,9,1,TO_WOLFF
EFTA01047670,9,1,TO_WOLFF
EFTA01047671,9,1,FROM_WOLFF
EFTA01048359,9,2,TO_WOLFF
EFTA01048626,9,1,TO_WOLFF
EFTA01048632,9,1,TO_WOLFF
EFTA01048650,9,2,TO_WOLFF
EFTA01048694,9,1,TO_WOLFF
EFTA01048712,9,1,TO_WOLFF
EFTA01048807,9,1,FROM_WOLFF
EFTA01049361,9,1,TO_WOLFF
EFTA01049926,9,1,TO_WOLFF
EFTA01050000,9,1,TO_WOLFF
EFTA01050005,9,1,TO_WOLFF
EFTA01050039,9,1,FROM_WOLFF
EFTA01050045,9,1,TO_WOLFF
EFTA01050058,9,1,TO_WOLFF
EFTA01050059,9,1,FROM_WOLFF
EFTA01050068,9,1,TO_WOLFF
EFTA01050072,9,1,TO_WOLFF
EFTA01050085,9,1,TO_WOLFF
EFTA01050091,9,1,TO_WOLFF
EFTA01050108,9,1,TO_WOLFF
EFTA01050145,9,1,TO_WOLFF
EFTA01050160,9,2,TO_WOLFF
EFTA01050162,9,2,TO_WOLFF
EFTA01050473,9,1,TO_WOLFF
EFTA01050512,9,1,FROM_WOLFF
EFTA01050609,9,1,TO_WOLFF
EFTA01050888,9,1,TO_WOLFF
EFTA01050889,9,1,TO_WOLFF
EFTA01050890,9,1,FROM_WOLFF
EFTA01050923,9,2,FROM_WOLFF
EFTA01051143,9,1,TO_WOLFF
EFTA01051144,9,1,TO_WOLFF
EFTA01051148,9,2,TO_WOLFF
EFTA01051269,9,1,TO_WOLFF
EFTA01051669,9,1,TO_WOLFF
EFTA01051935,9,1,TO_WOLFF
EFTA01052054,9,1,TO_WOLFF
EFTA01052086,9,2,TO_WOLFF
EFTA01052711,9,1,TO_WOLFF
EFTA01052712,9,2,TO_WOLFF
EFTA01052754,9,1,TO_WOLFF
EFTA01052757,9,1,TO_WOLFF
EFTA01053006,9,1,TO_WOLFF
EFTA01053350,9,1,TO_WOLFF
EFTA01053368,9,1,TO_WOLFF
EFTA01053389,9,2,FROM_WOLFF
EFTA01054114,9,2,TO_WOLFF
EFTA01055290,9,1,TO_WOLFF
EFTA01055293,9,1,FROM_WOLFF
EFTA01055302,9,1,TO_WOLFF
EFTA01055321,9,1,TO_WOLFF
EFTA01055385,9,1,TO_WOLFF
EFTA01055393,9,1,FROM_WOLFF
EFTA01055400,9,2,TO_WOLFF
EFTA01055421,9,1,TO_WOLFF
EFTA01055433,9,1,FROM_WOLFF
EFTA01055441,9,1,TO_WOLFF
EFTA01055456,9,1,TO_WOLFF
EFTA01055473,9,1,FROM_WOLFF
EFTA01055555,9,1,TO_WOLFF
EFTA01055572,9,1,TO_WOLFF
EFTA01055578,9,1,FROM_WOLFF
EFTA01055579,9,2,TO_WOLFF
EFTA01055584,9,2,TO_WOLFF
EFTA01055612,9,1,TO_WOLFF
EFTA01055915,9,1,TO_WOLFF
EFTA01056120,9,1,TO_WOLFF
EFTA01056121,9,1,TO_WOLFF
EFTA01057061,9,1,TO_WOLFF
EFTA01057067,9,1,TO_WOLFF
EFTA01057134,9,1,TO_WOLFF
EFTA01058089,9,1,FROM_WOLFF
EFTA01058306,9,1,FROM_WOLFF
EFTA01058307,9,1,TO_WOLFF
EFTA01058697,9,1,TO_WOLFF
EFTA01058698,9,1,FROM_WOLFF
EFTA01058699,9,1,TO_WOLFF
EFTA01059264,9,1,TO_WOLFF
EFTA01059266,9,1,TO_WOLFF
EFTA01059619,9,1,TO_WOLFF
EFTA01060095,9,1,FROM_WOLFF
EFTA01060426,9,3,TO_WOLFF
EFTA01060431,9,3,FROM_WOLFF
EFTA01060465,9,1,TO_WOLFF
EFTA01060472,9,1,FROM_WOLFF
EFTA01061895,9,1,TO_WOLFF
EFTA01061899,9,1,FROM_WOLFF
EFTA01061937,9,1,FROM_WOLFF
EFTA01061991,9,1,TO_WOLFF
EFTA01062269,9,1,TO_WOLFF
EFTA01062272,9,1,FROM_WOLFF
EFTA01131295,9,1,FROM_WOLFF
EFTA01132578,9,1,FROM_WOLFF
EFTA01135233,9,3,TO_WOLFF
EFTA01144725,9,1,TO_WOLFF
EFTA01145207,9,2,FROM_WOLFF
EFTA01145603,9,2,FROM_WOLFF
EFTA01145722,9,1,TO_WOLFF
EFTA01149932,9,1,TO_WOLFF
EFTA01150325,9,1,CC_WOLFF
EFTA01158338,9,1,FROM_WOLFF
EFTA01165956,9,1,CC_WOLFF
EFTA01183381,9,1,TO_WOLFF
EFTA01188251,9,1,EMAIL_ADDR
EFTA01191083,9,1,TO_WOLFF
EFTA01191084,9,2,FROM_WOLFF
EFTA01191300,9,1,FROM_WOLFF
EFTA01191323,9,1,TO_WOLFF
EFTA01192975,9,1,FROM_WOLFF
EFTA01200524,9,1,FROM_WOLFF
EFTA01203716,9,3,TO_WOLFF
EFTA01206012,9,2,TO_WOLFF
EFTA01206021,9,2,FROM_WOLFF
EFTA01747638,10,1,FROM_WOLFF
EFTA01748576,10,1,EMAIL_ADDR
EFTA01775698,10,1,FROM_WOLFF
EFTA01776536,10,1,TO_WOLFF
EFTA01776607,10,3,EMAIL_ADDR+FROM
EFTA01776652,10,4,EMAIL_ADDR+FROM
EFTA01787496,10,4,EMAIL_ADDR
EFTA01787529,10,4,EMAIL_ADDR
EFTA01791807,10,4,EMAIL_ADDR
EFTA01794642,10,2,EMAIL_ADDR+FROM
EFTA01841536,10,1,FROM_WOLFF
EFTA01842794,10,2,CC_WOLFF
EFTA01842892,10,2,CC_WOLFF
EFTA01843187,10,3,CC_WOLFF
EFTA01861137,10,2,CC_WOLFF
EFTA01862629,10,1,FROM_WOLFF
EFTA01863093,10,1,FROM_WOLFF
EFTA01864443,10,1,FROM_WOLFF
EFTA01864472,10,3,FROM_WOLFF
EFTA01885214,10,2,FROM_WOLFF
EFTA01889725,10,2,FROM_WOLFF
EFTA01892461,10,1,FROM_WOLFF
EFTA01893029,10,2,FROM_WOLFF
EFTA01904703,10,2,EMAIL_ADDR
EFTA01923180,10,3,FROM_WOLFF
EFTA01930061,10,2,FROM_WOLFF
EFTA01938485,10,2,EMAIL_ADDR
EFTA01938760,10,1,FROM_WOLFF
EFTA01971169,10,1,FROM_WOLFF
EFTA01971623,10,2,FROM_WOLFF
EFTA01972675,10,1,TO_WOLFF
EFTA01972785,10,2,TO_WOLFF
EFTA01972943,10,1,TO_WOLFF
EFTA01973261,10,2,TO_WOLFF
EFTA01973640,10,1,FROM_WOLFF
EFTA01987731,10,1,EMAIL_ADDR
EFTA01988791,10,1,FROM_WOLFF
EFTA01989759,10,2,FROM_WOLFF
EFTA01992676,10,1,FROM_WOLFF
EFTA01993185,10,2,FROM_WOLFF
EFTA01993897,10,3,FROM_WOLFF
EFTA01995249,10,3,CC_WOLFF
EFTA01998928,10,1,FROM_WOLFF
EFTA02018963,10,2,FROM_WOLFF
EFTA02022543,10,2,CC_WOLFF
EFTA02023012,10,1,FROM_WOLFF
EFTA02029625,10,2,FROM_WOLFF
EFTA02030279,10,1,CC_WOLFF
EFTA02033063,10,3,CC_WOLFF
EFTA02033383,10,1,FROM_WOLFF
EFTA02058783,10,2,FROM_WOLFF
EFTA02067027,10,2,FROM_WOLFF
EFTA02077245,10,1,FROM_WOLFF
EFTA02082608,10,2,FROM_WOLFF
EFTA02082654,10,1,FROM_WOLFF
EFTA02082687,10,2,FROM_WOLFF
EFTA02092988,10,1,EMAIL_ADDR
EFTA02099605,10,1,FROM_WOLFF
EFTA02099612,10,2,FROM_WOLFF
EFTA02109239,10,1,EMAIL_ADDR
EFTA02117596,10,1,EMAIL_ADDR
EFTA02131566,10,2,EMAIL_ADDR
EFTA02139736,10,4,TO_WOLFF
EFTA02139748,10,3,TO_WOLFF
EFTA02140076,10,1,TO_WOLFF
EFTA02140157,10,2,TO_WOLFF
EFTA02140214,10,2,TO_WOLFF
EFTA02144735,10,1,EMAIL_ADDR
EFTA02153130,10,1,EMAIL_ADDR
EFTA02161291,10,1,EMAIL_ADDR
EFTA02161406,10,2,EMAIL_ADDR
EFTA02184373,10,1,FROM_WOLFF
EFTA02184710,10,1,EMAIL_ADDR
EFTA02185045,10,1,FROM_WOLFF
EFTA02185078,10,1,FROM_WOLFF
EFTA02185156,10,1,FROM_WOLFF
EFTA02185481,10,1,TO_WOLFF
EFTA02187279,10,1,TO_WOLFF
EFTA02187361,10,1,TO_WOLFF
EFTA02188806,10,1,EMAIL_ADDR+TO
EFTA02188924,10,1,TO_WOLFF
EFTA02188933,10,2,TO_WOLFF
EFTA02191742,10,2,FROM_WOLFF
EFTA02192789,10,2,FROM_WOLFF
EFTA02199945,10,2,FROM_WOLFF
EFTA02210508,10,2,FROM_WOLFF
EFTA02210556,10,1,FROM_WOLFF
EFTA02211422,10,1,FROM_WOLFF
EFTA02211457,10,1,TO_WOLFF
EFTA02211474,10,1,TO_WOLFF
EFTA02211571,10,2,FROM_WOLFF
EFTA02211775,10,1,FROM_WOLFF
EFTA02222082,11,2,FROM_WOLFF
EFTA02224922,11,1,TO_WOLFF
EFTA02224979,11,1,TO_WOLFF
EFTA02225034,11,1,TO_WOLFF
EFTA02254765,11,2,FROM_WOLFF
EFTA02255962,11,3,FROM_WOLFF
EFTA02258349,11,2,FROM_WOLFF
EFTA02269570,11,2,EMAIL_ADDR
EFTA02280528,11,1,FROM_WOLFF
EFTA02287378,11,2,FROM_WOLFF
EFTA02288791,11,1,FROM_WOLFF
EFTA02289458,11,2,FROM_WOLFF
EFTA02323841,11,2,FROM_WOLFF
EFTA02327295,11,2,FROM_WOLFF
EFTA02342449,11,1,EMAIL_ADDR
EFTA02342477,11,1,EMAIL_ADDR
EFTA02342548,11,1,EMAIL_ADDR
EFTA02347714,11,2,EMAIL_ADDR
EFTA02352977,11,2,FROM_WOLFF
EFTA02354006,11,2,EMAIL_ADDR
EFTA02368954,11,2,EMAIL_ADDR
EFTA02395957,11,1,FROM_WOLFF
EFTA02396924,11,1,EMAIL_ADDR
EFTA02400213,11,2,FROM_WOLFF
EFTA02403629,11,2,EMAIL_ADDR
EFTA02432183,11,1,FROM_WOLFF
EFTA02457625,11,1,FROM_WOLFF
EFTA02461258,11,2,EMAIL_ADDR
EFTA02462257,11,3,EMAIL_ADDR
EFTA02462264,11,2,EMAIL_ADDR
EFTA02462597,11,4,EMAIL_ADDR
EFTA02464002,11,1,EMAIL_ADDR
EFTA02466944,11,2,EMAIL_ADDR
EFTA02492181,11,2,EMAIL_ADDR
EFTA02504375,11,2,FROM_WOLFF
EFTA02506207,11,2,EMAIL_ADDR
EFTA02507688,11,1,EMAIL_ADDR
EFTA02522247,11,1,TO_WOLFF
EFTA02522717,11,1,TO_WOLFF
EFTA02522791,11,2,EMAIL_ADDR+TO
EFTA02528943,11,1,EMAIL_ADDR
EFTA02534250,11,1,EMAIL_ADDR
EFTA02537150,11,4,EMAIL_ADDR
EFTA02538373,11,1,EMAIL_ADDR
EFTA02538406,11,1,EMAIL_ADDR
EFTA02538458,11,2,EMAIL_ADDR
EFTA02542648,11,1,EMAIL_ADDR
EFTA02542767,11,2,FROM_WOLFF
EFTA02549103,11,1,EMAIL_ADDR
EFTA02549109,11,2,EMAIL_ADDR
EFTA02560714,11,2,EMAIL_ADDR
EFTA02560871,11,2,EMAIL_ADDR
EFTA02567316,11,3,EMAIL_ADDR
EFTA02569215,11,1,TO_WOLFF
EFTA02569277,11,1,TO_WOLFF
EFTA02587125,11,1,FROM_WOLFF
EFTA02588333,11,2,FROM_WOLFF
EFTA02589079,11,2,FROM+TO
EFTA02600420,11,1,TO_WOLFF
EFTA02602141,11,1,FROM_WOLFF
EFTA02611814,11,2,FROM_WOLFF
EFTA02611950,11,2,FROM_WOLFF
EFTA02612240,11,2,FROM_WOLFF
EFTA02613104,11,4,EMAIL_ADDR
EFTA02619223,11,1,EMAIL_ADDR
EFTA02619239,11,1,EMAIL_ADDR
EFTA02624214,11,1,TO_WOLFF
EFTA02625454,11,1,EMAIL_ADDR
EFTA02629642,11,1,FROM_WOLFF
EFTA02633171,11,1,EMAIL_ADDR
EFTA02634727,11,2,FROM_WOLFF
EFTA02635770,11,2,EMAIL_ADDR
EFTA02641997,11,3,EMAIL_ADDR
EFTA02642870,11,2,EMAIL_ADDR
EFTA02651206,11,3,EMAIL_ADDR
EFTA02651364,11,2,EMAIL_ADDR
EFTA02651735,11,1,FROM_WOLFF
EFTA02654493,11,2,FROM_WOLFF
EFTA02655584,11,1,FROM_WOLFF
EFTA02660733,11,2,EMAIL_ADDR
EFTA02666836,11,1,EMAIL_ADDR
EFTA02696074,11,2,CC_WOLFF
HOUSE_OVERSIGHT_021216,99,7,TO_WOLFF
HOUSE_OVERSIGHT_021223,99,7,TO_WOLFF
HOUSE_OVERSIGHT_022660,99,1,FROM_WOLFF
HOUSE_OVERSIGHT_022663,99,2,FROM_WOLFF
HOUSE_OVERSIGHT_022665,99,2,FROM_WOLFF
HOUSE_OVERSIGHT_022667,99,1,FROM_WOLFF
HOUSE_OVERSIGHT_022827,99,2,TO_WOLFF
HOUSE_OVERSIGHT_022829,99,2,TO_WOLFF
HOUSE_OVERSIGHT_022831,99,3,TO_WOLFF
HOUSE_OVERSIGHT_022835,99,2,TO_WOLFF
HOUSE_OVERSIGHT_022943,99,1,TO_WOLFF
HOUSE_OVERSIGHT_023044,99,2,TO_WOLFF
HOUSE_OVERSIGHT_023427,99,2,FROM_WOLFF
HOUSE_OVERSIGHT_023433,99,2,FROM_WOLFF
HOUSE_OVERSIGHT_023448,99,2,TO_WOLFF
HOUSE_OVERSIGHT_025100,99,1,FROM_WOLFF
HOUSE_OVERSIGHT_025935,99,2,FROM_WOLFF
HOUSE_OVERSIGHT_026026,99,2,FROM_WOLFF
HOUSE_OVERSIGHT_026030,99,3,FROM_WOLFF
HOUSE_OVERSIGHT_026033,99,3,FROM_WOLFF
HOUSE_OVERSIGHT_026128,99,3,FROM_WOLFF
HOUSE_OVERSIGHT_026131,99,3,FROM_WOLFF
HOUSE_OVERSIGHT_026272,99,1,FROM_WOLFF
HOUSE_OVERSIGHT_026326,99,2,FROM_WOLFF
HOUSE_OVERSIGHT_026328,99,1,FROM_WOLFF
HOUSE_OVERSIGHT_026351,99,3,TO_WOLFF
HOUSE_OVERSIGHT_026450,99,1,TO_WOLFF
HOUSE_OVERSIGHT_026512,99,2,TO_WOLFF
HOUSE_OVERSIGHT_026514,99,1,TO_WOLFF
HOUSE_OVERSIGHT_026515,99,2,TO_WOLFF
HOUSE_OVERSIGHT_027062,99,1,TO_WOLFF
HOUSE_OVERSIGHT_028977,99,1,FROM_WOLFF
HOUSE_OVERSIGHT_028978,99,2,FROM_WOLFF
HOUSE_OVERSIGHT_029271,99,1,TO_WOLFF
HOUSE_OVERSIGHT_029272,99,2,EMAIL_ADDR+TO
HOUSE_OVERSIGHT_029274,99,2,TO_WOLFF
HOUSE_OVERSIGHT_029291,99,2,TO_WOLFF
HOUSE_OVERSIGHT_030000,99,2,FROM_WOLFF
HOUSE_OVERSIGHT_030255,99,3,TO_WOLFF
HOUSE_OVERSIGHT_030315,99,3,TO_WOLFF
HOUSE_OVERSIGHT_030318,99,3,FROM_WOLFF
HOUSE_OVERSIGHT_030383,99,1,TO_WOLFF
HOUSE_OVERSIGHT_030402,99,4,TO_WOLFF
HOUSE_OVERSIGHT_030411,99,1,TO_WOLFF
HOUSE_OVERSIGHT_030412,99,1,TO_WOLFF
HOUSE_OVERSIGHT_030431,99,1,FROM_WOLFF
HOUSE_OVERSIGHT_030647,99,1,FROM_WOLFF
HOUSE_OVERSIGHT_030648,99,1,FROM_WOLFF
HOUSE_OVERSIGHT_030649,99,2,FROM_WOLFF
HOUSE_OVERSIGHT_030652,99,1,FROM_WOLFF
HOUSE_OVERSIGHT_030653,99,1,FROM_WOLFF
HOUSE_OVERSIGHT_030655,99,1,FROM_WOLFF
HOUSE_OVERSIGHT_030683,99,1,FROM_WOLFF
HOUSE_OVERSIGHT_030684,99,2,FROM_WOLFF
HOUSE_OVERSIGHT_030686,99,2,FROM_WOLFF
HOUSE_OVERSIGHT_030688,99,1,FROM_WOLFF
HOUSE_OVERSIGHT_030689,99,2,FROM_WOLFF
HOUSE_OVERSIGHT_030691,99,2,FROM_WOLFF
HOUSE_OVERSIGHT_030693,99,3,FROM_WOLFF
HOUSE_OVERSIGHT_030696,99,3,FROM_WOLFF
HOUSE_OVERSIGHT_030699,99,4,FROM_WOLFF
HOUSE_OVERSIGHT_030723,99,1,FROM_WOLFF
HOUSE_OVERSIGHT_030732,99,1,FROM_WOLFF
HOUSE_OVERSIGHT_030740,99,1,FROM_WOLFF
HOUSE_OVERSIGHT_030742,99,1,FROM_WOLFF
HOUSE_OVERSIGHT_030743,99,2,FROM_WOLFF
HOUSE_OVERSIGHT_030751,99,1,TO_WOLFF
HOUSE_OVERSIGHT_030762,99,2,TO_WOLFF
HOUSE_OVERSIGHT_030766,99,1,TO_WOLFF
HOUSE_OVERSIGHT_030767,99,1,TO_WOLFF
HOUSE_OVERSIGHT_030770,99,1,TO_WOLFF
HOUSE_OVERSIGHT_030771,99,2,TO_WOLFF
HOUSE_OVERSIGHT_030773,99,2,TO_WOLFF
HOUSE_OVERSIGHT_030775,99,2,TO_WOLFF
HOUSE_OVERSIGHT_030777,99,4,TO_WOLFF
HOUSE_OVERSIGHT_030787,99,1,TO_WOLFF
HOUSE_OVERSIGHT_030789,99,1,TO_WOLFF
HOUSE_OVERSIGHT_030802,99,2,TO_WOLFF
HOUSE_OVERSIGHT_030804,99,2,TO_WOLFF
HOUSE_OVERSIGHT_030873,99,1,FROM+TO
HOUSE_OVERSIGHT_030880,99,1,FROM_WOLFF
HOUSE_OVERSIGHT_030972,99,2,TO_WOLFF
HOUSE_OVERSIGHT_030974,99,2,FROM+TO
HOUSE_OVERSIGHT_030980,99,3,TO_WOLFF
HOUSE_OVERSIGHT_030987,99,2,FROM_WOLFF
HOUSE_OVERSIGHT_031325,99,1,TO_WOLFF
HOUSE_OVERSIGHT_031445,99,2,FROM_WOLFF
HOUSE_OVERSIGHT_031464,99,2,FROM_WOLFF
HOUSE_OVERSIGHT_031566,99,1,FROM_WOLFF
HOUSE_OVERSIGHT_031567,99,2,FROM_WOLFF
HOUSE_OVERSIGHT_031593,99,2,TO_WOLFF
HOUSE_OVERSIGHT_031616,99,2,TO_WOLFF
HOUSE_OVERSIGHT_031681,99,1,TO_WOLFF
HOUSE_OVERSIGHT_031683,99,1,TO_WOLFF
HOUSE_OVERSIGHT_031684,99,2,TO_WOLFF
HOUSE_OVERSIGHT_031686,99,2,TO_WOLFF
HOUSE_OVERSIGHT_031799,99,1,TO_WOLFF
HOUSE_OVERSIGHT_032228,99,1,FROM_WOLFF
HOUSE_OVERSIGHT_032229,99,1,FROM_WOLFF
HOUSE_OVERSIGHT_032231,99,2,FROM_WOLFF
HOUSE_OVERSIGHT_032238,99,1,FROM_WOLFF
HOUSE_OVERSIGHT_032239,99,2,FROM_WOLFF
HOUSE_OVERSIGHT_032242,99,1,FROM_WOLFF
HOUSE_OVERSIGHT_032244,99,2,FROM_WOLFF
HOUSE_OVERSIGHT_032246,99,2,FROM_WOLFF
HOUSE_OVERSIGHT_032248,99,2,FROM_WOLFF
HOUSE_OVERSIGHT_032250,99,2,FROM_WOLFF
HOUSE_OVERSIGHT_032254,99,2,FROM_WOLFF
HOUSE_OVERSIGHT_032263,99,1,FROM_WOLFF
HOUSE_OVERSIGHT_032340,99,1,FROM_WOLFF
HOUSE_OVERSIGHT_032471,99,1,FROM_WOLFF
HOUSE_OVERSIGHT_032474,99,1,FROM_WOLFF
HOUSE_OVERSIGHT_032475,99,1,FROM_WOLFF
HOUSE_OVERSIGHT_032476,99,2,FROM_WOLFF
HOUSE_OVERSIGHT_032478,99,2,FROM_WOLFF
HOUSE_OVERSIGHT_032544,99,2,FROM_WOLFF
HOUSE_OVERSIGHT_032560,99,2,FROM_WOLFF
HOUSE_OVERSIGHT_032570,99,1,FROM_WOLFF
HOUSE_OVERSIGHT_032706,99,1,FROM_WOLFF
HOUSE_OVERSIGHT_032708,99,1,FROM_WOLFF
HOUSE_OVERSIGHT_032709,99,1,FROM_WOLFF
HOUSE_OVERSIGHT_032711,99,1,FROM_WOLFF
HOUSE_OVERSIGHT_032712,99,1,FROM_WOLFF
HOUSE_OVERSIGHT_032766,99,1,FROM_WOLFF
HOUSE_OVERSIGHT_032773,99,1,FROM_WOLFF
HOUSE_OVERSIGHT_032774,99,1,TO_WOLFF
HOUSE_OVERSIGHT_032778,99,1,FROM_WOLFF
HOUSE_OVERSIGHT_032828,99,1,FROM_WOLFF
HOUSE_OVERSIGHT_032829,99,3,FROM_WOLFF
HOUSE_OVERSIGHT_032832,99,2,FROM_WOLFF
HOUSE_OVERSIGHT_032846,99,2,TO_WOLFF
HOUSE_OVERSIGHT_032848,99,2,TO_WOLFF
HOUSE_OVERSIGHT_032853,99,1,TO_WOLFF
HOUSE_OVERSIGHT_032854,99,1,FROM_WOLFF
HOUSE_OVERSIGHT_032858,99,3,FROM_WOLFF
HOUSE_OVERSIGHT_032861,99,3,FROM_WOLFF
HOUSE_OVERSIGHT_032943,99,1,TO_WOLFF
HOUSE_OVERSIGHT_032972,99,2,TO_WOLFF
HOUSE_OVERSIGHT_033005,99,2,TO_WOLFF
HOUSE_OVERSIGHT_033019,99,1,TO_WOLFF
HOUSE_OVERSIGHT_033020,99,1,TO_WOLFF
HOUSE_OVERSIGHT_033063,99,1,TO_WOLFF
HOUSE_OVERSIGHT_033064,99,2,TO_WOLFF
HOUSE_OVERSIGHT_033066,99,2,TO_WOLFF
HOUSE_OVERSIGHT_033087,99,1,TO_WOLFF
HOUSE_OVERSIGHT_033091,99,1,TO_WOLFF
HOUSE_OVERSIGHT_033148,99,1,TO_WOLFF
HOUSE_OVERSIGHT_033149,99,1,TO_WOLFF
HOUSE_OVERSIGHT_033151,99,1,TO_WOLFF
HOUSE_OVERSIGHT_033179,99,1,FROM_WOLFF
HOUSE_OVERSIGHT_033291,99,1,FROM_WOLFF
HOUSE_OVERSIGHT_033296,99,1,FROM_WOLFF
HOUSE_OVERSIGHT_033398,99,1,TO_WOLFF
HOUSE_OVERSIGHT_033564,99,1,FROM_WOLFF
HOUSE_OVERSIGHT_033589,99,2,FROM_WOLFF
